experiment_id,run_id,r2_family,technology_set,grid_carbon_scenario,spatial_resolution,network_mode,fixed_baseline_cap_ratio,co2_cap_mt,actual_emissions_mt,total_system_cost_billion_cny,dual_MAC_CNY_per_tCO2,dual_shadow_price_raw,co2_cap_slack,co2_cap_is_binding,is_valid_result,invalid_reason,finite_difference_MAC_CNY_per_tCO2,source_panel,from_run_id,to_run_id,emissions_reduction_ton,cost_change_cny,source_valid_runs_only,source_valid_run_count,source_validity_scope,source_total_runs,source_invalid_or_failed_runs_excluded,co2_cap_ratio,constraint_family,solver_status,binding_count,max_shadow_price,base_run_id,relaxation_run_id,relaxation_family,relaxed_node_id,relaxation_percent,base_cost_billion_cny,relaxed_cost_billion_cny,cost_reduction_billion_cny,cost_reduction_pct,base_actual_emissions_mt,relaxed_actual_emissions_mt,base_bess_energy_mwh,relaxed_bess_energy_mwh,base_pv_mw,relaxed_pv_mw,base_wind_mw,relaxed_wind_mw
R2A_fixed_absolute_cap_core,r2_R2A_fixed_absolute_cap_core_0002_k100_repday_opt_base_with_storage_degradation_liion_4h_with_degradation_baseline_capfix0p40,R2A_fixed_absolute_cap_core,base_with_storage_degradation,baseline,k100,node_interface,0.4,1.9308909423102265,1.9308909423102256,5.3709271833666525,850.3233316789649,-850.3233316789649,0.0,True,True,,330.6338401774037,dual_mac,,,,,,,,,,,,,,,,,,,,,,,,,,,,,,,
R2A_fixed_absolute_cap_core,r2_R2A_fixed_absolute_cap_core_0003_k100_repday_opt_base_with_storage_degradation_liion_4h_with_degradation_baseline_capfix0p25,R2A_fixed_absolute_cap_core,base_with_storage_degradation,baseline,k100,node_interface,0.25,1.2068068389438915,1.2068068389438946,6.595777846292342,2773.3567110555005,-2773.3567110555005,0.0,True,True,,1691.5861807091887,dual_mac,,,,,,,,,,,,,,,,,,,,,,,,,,,,,,,
R2A_fixed_absolute_cap_core,r2_R2A_fixed_absolute_cap_core_0004_k100_repday_opt_base_with_storage_degradation_liion_4h_with_degradation_baseline_capfix0p15,R2A_fixed_absolute_cap_core,base_with_storage_degradation,baseline,k100,node_interface,0.15,0.7240841033663348,0.7240841033663363,10.082958321037948,12785.179159774192,-12785.179159774192,0.0,True,True,,7223.982252614091,dual_mac,,,,,,,,,,,,,,,,,,,,,,,,,,,,,,,
R2A_fixed_absolute_cap_core,r2_R2A_fixed_absolute_cap_core_0005_k100_repday_opt_base_with_storage_degradation_liion_4h_with_degradation_baseline_capfix0p14,R2A_fixed_absolute_cap_core,base_with_storage_degradation,baseline,k100,node_interface,0.14,0.6758118298085793,0.6758118298085811,10.722882634181012,13304.350744154934,-13304.350744154934,0.0,True,True,,13256.560463791451,dual_mac,,,,,,,,,,,,,,,,,,,,,,,,,,,,,,,
R2A_fixed_absolute_cap_core,r2_R2A_fixed_absolute_cap_core_0007_k100_repday_opt_base_with_storage_degradation_liion_4h_with_degradation_2030_capfix0p40,R2A_fixed_absolute_cap_core,base_with_storage_degradation,2030,k100,node_interface,0.4,1.9308909423102265,1.930890942310224,5.212039551873593,10.838327045949743,-10.838327045949743,0.0,True,True,,7.226426954917533,dual_mac,,,,,,,,,,,,,,,,,,,,,,,,,,,,,,,
R2A_fixed_absolute_cap_core,r2_R2A_fixed_absolute_cap_core_0008_k100_repday_opt_base_with_storage_degradation_liion_4h_with_degradation_2030_capfix0p25,R2A_fixed_absolute_cap_core,base_with_storage_degradation,2030,k100,node_interface,0.25,1.2068068389438915,1.2068068389438944,5.887374624141579,2122.90481837734,-2122.90481837734,0.0,True,True,,932.6749049292677,dual_mac,,,,,,,,,,,,,,,,,,,,,,,,,,,,,,,
R2A_fixed_absolute_cap_core,r2_R2A_fixed_absolute_cap_core_0009_k100_repday_opt_base_with_storage_degradation_liion_4h_with_degradation_2030_capfix0p15,R2A_fixed_absolute_cap_core,base_with_storage_degradation,2030,k100,node_interface,0.15,0.7240841033663348,0.7240841033663356,7.922566685601943,10491.807049488643,-10491.807049488643,0.0,True,True,,4216.068379346865,dual_mac,,,,,,,,,,,,,,,,,,,,,,,,,,,,,,,
R2A_fixed_absolute_cap_core,r2_R2A_fixed_absolute_cap_core_0010_k100_repday_opt_base_with_storage_degradation_liion_4h_with_degradation_2030_capfix0p14,R2A_fixed_absolute_cap_core,base_with_storage_degradation,2030,k100,node_interface,0.14,0.6758118298085793,0.6758118298085791,8.591100882139123,15256.933725632827,-15256.933725632827,0.0,True,True,,13849.237818419711,dual_mac,,,,,,,,,,,,,,,,,,,,,,,,,,,,,,,
R2B_storage_calendar_sensitivity,r2_R2B_storage_calendar_sensitivity_0017_k100_repday_opt_base_with_storage_degradation_legacy_no_degradation_baseline_capfix0p40,R2B_storage_calendar_sensitivity,base_with_storage_degradation,baseline,k100,node_interface,0.4,1.9308909423102265,1.930890942310221,5.113270562280665,619.8668165067136,-619.8668165067136,0.0,True,True,,219.44939775657164,dual_mac,,,,,,,,,,,,,,,,,,,,,,,,,,,,,,,
R2B_storage_calendar_sensitivity,r2_R2B_storage_calendar_sensitivity_0018_k100_repday_opt_base_with_storage_degradation_legacy_no_degradation_baseline_capfix0p25,R2B_storage_calendar_sensitivity,base_with_storage_degradation,baseline,k100,node_interface,0.25,1.2068068389438915,1.206806838943891,6.156218269100164,2568.7622590302853,-2568.7622590302853,0.0,True,True,,1440.3681864727375,dual_mac,,,,,,,,,,,,,,,,,,,,,,,,,,,,,,,
R2B_storage_calendar_sensitivity,r2_R2B_storage_calendar_sensitivity_0019_k100_repday_opt_base_with_storage_degradation_legacy_no_degradation_baseline_capfix0p15,R2B_storage_calendar_sensitivity,base_with_storage_degradation,baseline,k100,node_interface,0.15,0.7240841033663348,0.7240841033663367,9.42111664835506,11692.40140413566,-11692.40140413566,0.0,True,True,,6763.5065403509625,dual_mac,,,,,,,,,,,,,,,,,,,,,,,,,,,,,,,
R2B_storage_calendar_sensitivity,r2_R2B_storage_calendar_sensitivity_0020_k100_repday_opt_base_with_storage_degradation_legacy_no_degradation_baseline_capfix0p14,R2B_storage_calendar_sensitivity,base_with_storage_degradation,baseline,k100,node_interface,0.14,0.6758118298085793,0.6758118298085808,10.010773979752129,15063.4132195795,-15063.4132195795,0.0,True,True,,12215.23843685478,dual_mac,,,,,,,,,,,,,,,,,,,,,,,,,,,,,,,
R2B_storage_calendar_sensitivity,r2_R2B_storage_calendar_sensitivity_0022_k100_repday_opt_base_with_storage_degradation_liion_4h_throughput_only_baseline_capfix0p40,R2B_storage_calendar_sensitivity,base_with_storage_degradation,baseline,k100,node_interface,0.4,1.9308909423102265,1.930890942310223,5.310483622061987,764.0162743389943,-764.0162743389943,0.0,True,True,,313.7169662682774,dual_mac,,,,,,,,,,,,,,,,,,,,,,,,,,,,,,,
R2B_storage_calendar_sensitivity,r2_R2B_storage_calendar_sensitivity_0023_k100_repday_opt_base_with_storage_degradation_liion_4h_throughput_only_baseline_capfix0p25,R2B_storage_calendar_sensitivity,base_with_storage_degradation,baseline,k100,node_interface,0.25,1.2068068389438915,1.2068068389438953,6.45542086437052,2634.013009898169,-2634.013009898169,0.0,True,True,,1581.2213484395313,dual_mac,,,,,,,,,,,,,,,,,,,,,,,,,,,,,,,
R2B_storage_calendar_sensitivity,r2_R2B_storage_calendar_sensitivity_0024_k100_repday_opt_base_with_storage_degradation_liion_4h_throughput_only_baseline_capfix0p15,R2B_storage_calendar_sensitivity,base_with_storage_degradation,baseline,k100,node_interface,0.15,0.7240841033663348,0.7240841033663369,9.745520128368335,12002.582543330662,-12002.582543330662,0.0,True,True,,6815.712253663267,dual_mac,,,,,,,,,,,,,,,,,,,,,,,,,,,,,,,
R2B_storage_calendar_sensitivity,r2_R2B_storage_calendar_sensitivity_0025_k100_repday_opt_base_with_storage_degradation_liion_4h_throughput_only_baseline_capfix0p14,R2B_storage_calendar_sensitivity,base_with_storage_degradation,baseline,k100,node_interface,0.14,0.6758118298085793,0.6758118298085808,10.347465816971267,12491.654257848191,-12491.654257848191,0.0,True,True,,12469.801901555827,dual_mac,,,,,,,,,,,,,,,,,,,,,,,,,,,,,,,
R2B_storage_calendar_sensitivity,r2_R2B_storage_calendar_sensitivity_0027_k100_repday_opt_base_with_storage_degradation_liion_4h_calendar_low_baseline_capfix0p40,R2B_storage_calendar_sensitivity,base_with_storage_degradation,baseline,k100,node_interface,0.4,1.9308909423102265,1.9308909423102223,5.340788763023512,818.331838648334,-818.331838648334,0.0,True,True,,316.2706532187507,dual_mac,,,,,,,,,,,,,,,,,,,,,,,,,,,,,,,
R2B_storage_calendar_sensitivity,r2_R2B_storage_calendar_sensitivity_0028_k100_repday_opt_base_with_storage_degradation_liion_4h_calendar_low_baseline_capfix0p25,R2B_storage_calendar_sensitivity,base_with_storage_degradation,baseline,k100,node_interface,0.25,1.2068068389438915,1.2068068389438944,6.525614889641329,2703.684860476835,-2703.684860476835,0.0,True,True,,1636.3100931362262,dual_mac,,,,,,,,,,,,,,,,,,,,,,,,,,,,,,,
R2B_storage_calendar_sensitivity,r2_R2B_storage_calendar_sensitivity_0029_k100_repday_opt_base_with_storage_degradation_liion_4h_calendar_low_baseline_capfix0p15,R2B_storage_calendar_sensitivity,base_with_storage_degradation,baseline,k100,node_interface,0.15,0.7240841033663348,0.7240841033663369,9.91458482820492,12393.880851552429,-12393.880851552429,0.0,True,True,,7020.531018719953,dual_mac,,,,,,,,,,,,,,,,,,,,,,,,,,,,,,,
R2B_storage_calendar_sensitivity,r2_R2B_storage_calendar_sensitivity_0030_k100_repday_opt_base_with_storage_degradation_liion_4h_calendar_low_baseline_capfix0p14,R2B_storage_calendar_sensitivity,base_with_storage_degradation,baseline,k100,node_interface,0.14,0.6758118298085793,0.6758118298085807,10.53520547441632,12898.002501001563,-12898.002501001563,0.0,True,True,,12856.669066329485,dual_mac,,,,,,,,,,,,,,,,,,,,,,,,,,,,,,,
R2B_storage_calendar_sensitivity,r2_R2B_storage_calendar_sensitivity_0032_k100_repday_opt_base_with_storage_degradation_liion_4h_calendar_mid_baseline_capfix0p40,R2B_storage_calendar_sensitivity,base_with_storage_degradation,baseline,k100,node_interface,0.4,1.9308909423102265,1.9308909423102256,5.3709271833666525,850.3233316789649,-850.3233316789649,0.0,True,True,,330.6338401774037,dual_mac,,,,,,,,,,,,,,,,,,,,,,,,,,,,,,,
R2B_storage_calendar_sensitivity,r2_R2B_storage_calendar_sensitivity_0033_k100_repday_opt_base_with_storage_degradation_liion_4h_calendar_mid_baseline_capfix0p25,R2B_storage_calendar_sensitivity,base_with_storage_degradation,baseline,k100,node_interface,0.25,1.2068068389438915,1.2068068389438946,6.595777846292342,2773.3567110555005,-2773.3567110555005,0.0,True,True,,1691.5861807091887,dual_mac,,,,,,,,,,,,,,,,,,,,,,,,,,,,,,,
R2B_storage_calendar_sensitivity,r2_R2B_storage_calendar_sensitivity_0034_k100_repday_opt_base_with_storage_degradation_liion_4h_calendar_mid_baseline_capfix0p15,R2B_storage_calendar_sensitivity,base_with_storage_degradation,baseline,k100,node_interface,0.15,0.7240841033663348,0.7240841033663363,10.082958321037948,12785.179159774192,-12785.179159774192,0.0,True,True,,7223.982252614091,dual_mac,,,,,,,,,,,,,,,,,,,,,,,,,,,,,,,
R2B_storage_calendar_sensitivity,r2_R2B_storage_calendar_sensitivity_0035_k100_repday_opt_base_with_storage_degradation_liion_4h_calendar_mid_baseline_capfix0p14,R2B_storage_calendar_sensitivity,base_with_storage_degradation,baseline,k100,node_interface,0.14,0.6758118298085793,0.6758118298085811,10.722882634181012,13304.350744154934,-13304.350744154934,0.0,True,True,,13256.560463791451,dual_mac,,,,,,,,,,,,,,,,,,,,,,,,,,,,,,,
R2B_storage_calendar_sensitivity,r2_R2B_storage_calendar_sensitivity_0037_k100_repday_opt_base_with_storage_degradation_liion_4h_calendar_high_baseline_capfix0p40,R2B_storage_calendar_sensitivity,base_with_storage_degradation,baseline,k100,node_interface,0.4,1.9308909423102265,1.930890942310227,5.430483099919084,931.7036527641606,-931.7036527641606,0.0,True,True,,364.9860788204679,dual_mac,,,,,,,,,,,,,,,,,,,,,,,,,,,,,,,
R2B_storage_calendar_sensitivity,r2_R2B_storage_calendar_sensitivity_0038_k100_repday_opt_base_with_storage_degradation_liion_4h_calendar_high_baseline_capfix0p25,R2B_storage_calendar_sensitivity,base_with_storage_degradation,baseline,k100,node_interface,0.25,1.2068068389438915,1.2068068389438944,6.736045563213276,2912.7004122128305,-2912.7004122128305,0.0,True,True,,1803.053619357908,dual_mac,,,,,,,,,,,,,,,,,,,,,,,,,,,,,,,
R2B_storage_calendar_sensitivity,r2_R2B_storage_calendar_sensitivity_0039_k100_repday_opt_base_with_storage_degradation_liion_4h_calendar_high_baseline_capfix0p15,R2B_storage_calendar_sensitivity,base_with_storage_degradation,baseline,k100,node_interface,0.15,0.7240841033663348,0.7240841033663376,10.41909175515956,13585.765865456657,-13585.765865456657,0.0,True,True,,7629.734256331801,dual_mac,,,,,,,,,,,,,,,,,,,,,,,,,,,,,,,
R2B_storage_calendar_sensitivity,r2_R2B_storage_calendar_sensitivity_0040_k100_repday_opt_base_with_storage_degradation_liion_4h_calendar_high_baseline_capfix0p14,R2B_storage_calendar_sensitivity,base_with_storage_degradation,baseline,k100,node_interface,0.14,0.6758118298085793,0.6758118298085809,11.09811153825495,14117.047230461676,-14117.047230461676,0.0,True,True,,14066.455400799769,dual_mac,,,,,,,,,,,,,,,,,,,,,,,,,,,,,,,
R2B_storage_calendar_sensitivity,r2_R2B_storage_calendar_sensitivity_0042_k100_repday_opt_base_with_storage_degradation_liion_8h_calendar_mid_baseline_capfix0p40,R2B_storage_calendar_sensitivity,base_with_storage_degradation,baseline,k100,node_interface,0.4,1.9308909423102265,1.9308909423102207,5.367898530881655,833.3677376766675,-833.3677376766675,0.0,True,True,,324.43684768682647,dual_mac,,,,,,,,,,,,,,,,,,,,,,,,,,,,,,,
R2B_storage_calendar_sensitivity,r2_R2B_storage_calendar_sensitivity_0043_k100_repday_opt_base_with_storage_degradation_liion_8h_calendar_mid_baseline_capfix0p25,R2B_storage_calendar_sensitivity,base_with_storage_degradation,baseline,k100,node_interface,0.25,1.2068068389438915,1.2068068389438924,6.540284846699167,2681.609907280936,-2681.609907280936,0.0,True,True,,1619.1300297396233,dual_mac,,,,,,,,,,,,,,,,,,,,,,,,,,,,,,,
R2B_storage_calendar_sensitivity,r2_R2B_storage_calendar_sensitivity_0044_k100_repday_opt_base_with_storage_degradation_liion_8h_calendar_mid_baseline_capfix0p15,R2B_storage_calendar_sensitivity,base_with_storage_degradation,baseline,k100,node_interface,0.15,0.7240841033663348,0.7240841033663368,9.757172280367392,11989.996428628869,-11989.996428628869,0.0,True,True,,6664.047902818097,dual_mac,,,,,,,,,,,,,,,,,,,,,,,,,,,,,,,
R2B_storage_calendar_sensitivity,r2_R2B_storage_calendar_sensitivity_0045_k100_repday_opt_base_with_storage_degradation_liion_8h_calendar_mid_baseline_capfix0p14,R2B_storage_calendar_sensitivity,base_with_storage_degradation,baseline,k100,node_interface,0.14,0.6758118298085793,0.6758118298085807,10.357386020747084,12482.869039464264,-12482.869039464264,0.0,True,True,,12433.923164227126,dual_mac,,,,,,,,,,,,,,,,,,,,,,,,,,,,,,,
R2B_storage_calendar_sensitivity,r2_R2B_storage_calendar_sensitivity_0047_k100_repday_opt_base_with_storage_degradation_liion_8h_LDES_calendar_mid_baseline_capfix0p40,R2B_storage_calendar_sensitivity,base_with_storage_degradation,baseline,k100,node_interface,0.4,1.9308909423102265,1.930890942310228,4.278827816867857,232.2212717645776,-232.2212717645776,0.0,True,True,,108.78662876898927,dual_mac,,,,,,,,,,,,,,,,,,,,,,,,,,,,,,,
R2B_storage_calendar_sensitivity,r2_R2B_storage_calendar_sensitivity_0048_k100_repday_opt_base_with_storage_degradation_liion_8h_LDES_calendar_mid_baseline_capfix0p25,R2B_storage_calendar_sensitivity,base_with_storage_degradation,baseline,k100,node_interface,0.25,1.2068068389438915,1.20680683894389,4.57413469164518,593.8380795792035,-593.8380795792035,0.0,True,True,,407.83504762003776,dual_mac,,,,,,,,,,,,,,,,,,,,,,,,,,,,,,,
R2B_storage_calendar_sensitivity,r2_R2B_storage_calendar_sensitivity_0049_k100_repday_opt_base_with_storage_degradation_liion_8h_LDES_calendar_mid_baseline_capfix0p15,R2B_storage_calendar_sensitivity,base_with_storage_degradation,baseline,k100,node_interface,0.15,0.7240841033663348,0.7240841033663354,6.652220224773791,14234.479365286716,-14234.479365286716,0.0,True,True,,4304.925747162666,dual_mac,,,,,,,,,,,,,,,,,,,,,,,,,,,,,,,
R2B_storage_calendar_sensitivity,r2_R2B_storage_calendar_sensitivity_0050_k100_repday_opt_base_with_storage_degradation_liion_8h_LDES_calendar_mid_baseline_capfix0p14,R2B_storage_calendar_sensitivity,base_with_storage_degradation,baseline,k100,node_interface,0.14,0.6758118298085793,0.6758118298085806,8.079650952855976,46085.803633736,-46085.803633736,0.0,True,True,,29570.40600903855,dual_mac,,,,,,,,,,,,,,,,,,,,,,,,,,,,,,,
R2C_flexibility_ablation_ramped,r2_R2C_flexibility_ablation_ramped_0051_k100_repday_opt_base_with_storage_degradation_liion_4h_with_degradation_baseline_capfix0p40,R2C_flexibility_ablation_ramped,base_with_storage_degradation,baseline,k100,node_interface,0.4,1.9308909423102265,1.9308909423102256,5.3709271833666525,850.3233316789649,-850.3233316789649,0.0,True,True,,,dual_mac,,,,,,,,,,,,,,,,,,,,,,,,,,,,,,,
R2C_flexibility_ablation_ramped,r2_R2C_flexibility_ablation_ramped_0052_k100_repday_opt_base_with_storage_degradation_liion_4h_with_degradation_baseline_capfix0p25,R2C_flexibility_ablation_ramped,base_with_storage_degradation,baseline,k100,node_interface,0.25,1.2068068389438915,1.2068068389438946,6.595777846292342,2773.3567110555005,-2773.3567110555005,0.0,True,True,,1691.5861807091887,dual_mac,,,,,,,,,,,,,,,,,,,,,,,,,,,,,,,
R2C_flexibility_ablation_ramped,r2_R2C_flexibility_ablation_ramped_0053_k100_repday_opt_base_with_storage_degradation_liion_4h_with_degradation_baseline_capfix0p15,R2C_flexibility_ablation_ramped,base_with_storage_degradation,baseline,k100,node_interface,0.15,0.7240841033663348,0.7240841033663363,10.082958321037948,12785.179159774192,-12785.179159774192,0.0,True,True,,7223.982252614091,dual_mac,,,,,,,,,,,,,,,,,,,,,,,,,,,,,,,
R2C_flexibility_ablation_ramped,r2_R2C_flexibility_ablation_ramped_0054_k100_repday_opt_base_with_storage_degradation_liion_4h_with_degradation_baseline_capfix0p14,R2C_flexibility_ablation_ramped,base_with_storage_degradation,baseline,k100,node_interface,0.14,0.6758118298085793,0.6758118298085811,10.722882634181012,13304.350744154934,-13304.350744154934,0.0,True,True,,13256.560463791451,dual_mac,,,,,,,,,,,,,,,,,,,,,,,,,,,,,,,
R2C_flexibility_ablation_ramped,r2_R2C_flexibility_ablation_ramped_0055_k100_repday_opt_base_with_DR10_liion_4h_with_degradation_baseline_capfix0p40,R2C_flexibility_ablation_ramped,base_with_DR10,baseline,k100,node_interface,0.4,1.9308909423102265,1.930890942310224,5.326101745358302,874.9198406398381,-874.9198406398381,0.0,True,True,,,dual_mac,,,,,,,,,,,,,,,,,,,,,,,,,,,,,,,
R2C_flexibility_ablation_ramped,r2_R2C_flexibility_ablation_ramped_0056_k100_repday_opt_base_with_DR10_liion_4h_with_degradation_baseline_capfix0p25,R2C_flexibility_ablation_ramped,base_with_DR10,baseline,k100,node_interface,0.25,1.2068068389438915,1.2068068389438915,6.562556693374723,2799.486419222154,-2799.486419222154,0.0,True,True,,1707.6123371139204,dual_mac,,,,,,,,,,,,,,,,,,,,,,,,,,,,,,,
R2C_flexibility_ablation_ramped,r2_R2C_flexibility_ablation_ramped_0057_k100_repday_opt_base_with_DR10_liion_4h_with_degradation_baseline_capfix0p15,R2C_flexibility_ablation_ramped,base_with_DR10,baseline,k100,node_interface,0.15,0.7240841033663348,0.7240841033663343,10.045913757638129,12785.179159774192,-12785.179159774192,0.0,True,True,,7216.061742142136,dual_mac,,,,,,,,,,,,,,,,,,,,,,,,,,,,,,,
R2C_flexibility_ablation_ramped,r2_R2C_flexibility_ablation_ramped_0058_k100_repday_opt_base_with_DR10_liion_4h_with_degradation_baseline_capfix0p14,R2C_flexibility_ablation_ramped,base_with_DR10,baseline,k100,node_interface,0.14,0.6758118298085793,0.6758118298085781,10.68666938549897,13304.350744154934,-13304.350744154934,0.0,True,True,,13273.78183449757,dual_mac,,,,,,,,,,,,,,,,,,,,,,,,,,,,,,,
R2C_flexibility_ablation_ramped,r2_R2C_flexibility_ablation_ramped_0059_k100_repday_opt_base_with_thermal10_liion_4h_with_degradation_baseline_capfix0p40,R2C_flexibility_ablation_ramped,base_with_thermal10,baseline,k100,node_interface,0.4,1.9308909423102265,1.930890942310223,5.324589860804153,876.553951840456,-876.553951840456,0.0,True,True,,,dual_mac,,,,,,,,,,,,,,,,,,,,,,,,,,,,,,,
R2C_flexibility_ablation_ramped,r2_R2C_flexibility_ablation_ramped_0060_k100_repday_opt_base_with_thermal10_liion_4h_with_degradation_baseline_capfix0p25,R2C_flexibility_ablation_ramped,base_with_thermal10,baseline,k100,node_interface,0.25,1.2068068389438915,1.2068068389438915,6.561675245674621,2799.7580379300043,-2799.7580379300043,0.0,True,True,,1708.4830051083147,dual_mac,,,,,,,,,,,,,,,,,,,,,,,,,,,,,,,
R2C_flexibility_ablation_ramped,r2_R2C_flexibility_ablation_ramped_0061_k100_repday_opt_base_with_thermal10_liion_4h_with_degradation_baseline_capfix0p15,R2C_flexibility_ablation_ramped,base_with_thermal10,baseline,k100,node_interface,0.15,0.7240841033663348,0.7240841033663346,10.045108380004171,12785.179159774192,-12785.179159774192,0.0,True,True,,7216.219327564448,dual_mac,,,,,,,,,,,,,,,,,,,,,,,,,,,,,,,
R2C_flexibility_ablation_ramped,r2_R2C_flexibility_ablation_ramped_0062_k100_repday_opt_base_with_thermal10_liion_4h_with_degradation_baseline_capfix0p14,R2C_flexibility_ablation_ramped,base_with_thermal10,baseline,k100,node_interface,0.14,0.6758118298085793,0.6758118298085781,10.685908460351916,13304.350744154934,-13304.350744154934,0.0,True,True,,13274.702704463349,dual_mac,,,,,,,,,,,,,,,,,,,,,,,,,,,,,,,
R2C_flexibility_ablation_ramped,r2_R2C_flexibility_ablation_ramped_0063_k100_repday_opt_base_with_DR10_thermal10_liion_4h_with_degradation_baseline_capfix0p40,R2C_flexibility_ablation_ramped,base_with_DR10_thermal10,baseline,k100,node_interface,0.4,1.9308909423102265,1.9308909423102296,5.284449586731056,884.2628731469218,-884.2628731469218,0.0,True,True,,,dual_mac,,,,,,,,,,,,,,,,,,,,,,,,,,,,,,,
R2C_flexibility_ablation_ramped,r2_R2C_flexibility_ablation_ramped_0064_k100_repday_opt_base_with_DR10_thermal10_liion_4h_with_degradation_baseline_capfix0p25,R2C_flexibility_ablation_ramped,base_with_DR10_thermal10,baseline,k100,node_interface,0.25,1.2068068389438915,1.206806838943896,6.532374750773085,2801.839914361703,-2801.839914361703,0.0,True,True,,1723.4533367606198,dual_mac,,,,,,,,,,,,,,,,,,,,,,,,,,,,,,,
R2C_flexibility_ablation_ramped,r2_R2C_flexibility_ablation_ramped_0065_k100_repday_opt_base_with_DR10_thermal10_liion_4h_with_degradation_baseline_capfix0p15,R2C_flexibility_ablation_ramped,base_with_DR10_thermal10,baseline,k100,node_interface,0.15,0.7240841033663348,0.7240841033663362,10.012881510926652,13154.643496677376,-13154.643496677376,0.0,True,True,,7210.157101859459,dual_mac,,,,,,,,,,,,,,,,,,,,,,,,,,,,,,,
R2C_flexibility_ablation_ramped,r2_R2C_flexibility_ablation_ramped_0066_k100_repday_opt_base_with_DR10_thermal10_liion_4h_with_degradation_baseline_capfix0p14,R2C_flexibility_ablation_ramped,base_with_DR10_thermal10,baseline,k100,node_interface,0.14,0.6758118298085793,0.6758118298085791,10.654208538790629,13304.350744154934,-13304.350744154934,0.0,True,True,,13285.618857306104,dual_mac,,,,,,,,,,,,,,,,,,,,,,,,,,,,,,,
R2C_flexibility_ablation_ramped,r2_R2C_flexibility_ablation_ramped_0067_k100_repday_opt_base_with_DR10_EV_medium_thermal10_liion_4h_with_degradation_baseline_capfix0p40,R2C_flexibility_ablation_ramped,base_with_DR10_EV_medium_thermal10,baseline,k100,node_interface,0.4,1.9308909423102265,1.9308909423102183,5.628352866191251,1047.5014121308443,-1047.5014121308443,0.0,True,True,,,dual_mac,,,,,,,,,,,,,,,,,,,,,,,,,,,,,,,
R2C_flexibility_ablation_ramped,r2_R2C_flexibility_ablation_ramped_0068_k100_repday_opt_base_with_DR10_EV_medium_thermal10_liion_4h_with_degradation_baseline_capfix0p25,R2C_flexibility_ablation_ramped,base_with_DR10_EV_medium_thermal10,baseline,k100,node_interface,0.25,1.2068068389438915,1.2068068389438955,7.0461150674940844,3805.4452631837457,-3805.4452631837457,0.0,True,True,,1958.007632969081,dual_mac,,,,,,,,,,,,,,,,,,,,,,,,,,,,,,,
R2D_network_abstraction_revised,r2_R2D_network_abstraction_revised_0071_k100_repday_opt_base_with_storage_degradation_liion_4h_with_degradation_baseline_capfix0p40_node_interface,R2D_network_abstraction_revised,base_with_storage_degradation,baseline,k100,node_interface,0.4,1.9308909423102265,1.9308909423102256,5.3709271833666525,850.3233316789649,-850.3233316789649,0.0,True,True,,,dual_mac,,,,,,,,,,,,,,,,,,,,,,,,,,,,,,,
R2D_network_abstraction_revised,r2_R2D_network_abstraction_revised_0072_k100_repday_opt_base_with_storage_degradation_liion_4h_with_degradation_baseline_capfix0p25_node_interface,R2D_network_abstraction_revised,base_with_storage_degradation,baseline,k100,node_interface,0.25,1.2068068389438915,1.2068068389438946,6.595777846292342,2773.3567110555005,-2773.3567110555005,0.0,True,True,,1691.5861807091887,dual_mac,,,,,,,,,,,,,,,,,,,,,,,,,,,,,,,
R2D_network_abstraction_revised,r2_R2D_network_abstraction_revised_0073_k100_repday_opt_base_with_storage_degradation_liion_4h_with_degradation_baseline_capfix0p14_node_interface,R2D_network_abstraction_revised,base_with_storage_degradation,baseline,k100,node_interface,0.14,0.6758118298085793,0.6758118298085811,10.722882634181012,13304.350744154934,-13304.350744154934,0.0,True,True,,7772.398453630208,dual_mac,,,,,,,,,,,,,,,,,,,,,,,,,,,,,,,
R2D_network_abstraction_revised,r2_R2D_network_abstraction_revised_0074_k100_repday_opt_base_with_DR10_EV_medium_thermal10_liion_4h_with_degradation_baseline_capfix0p40_node_interface,R2D_network_abstraction_revised,base_with_DR10_EV_medium_thermal10,baseline,k100,node_interface,0.4,1.9308909423102265,1.9308909423102183,5.628352866191251,1047.5014121308443,-1047.5014121308443,0.0,True,True,,,dual_mac,,,,,,,,,,,,,,,,,,,,,,,,,,,,,,,
R2D_network_abstraction_revised,r2_R2D_network_abstraction_revised_0075_k100_repday_opt_base_with_DR10_EV_medium_thermal10_liion_4h_with_degradation_baseline_capfix0p25_node_interface,R2D_network_abstraction_revised,base_with_DR10_EV_medium_thermal10,baseline,k100,node_interface,0.25,1.2068068389438915,1.2068068389438955,7.0461150674940844,3805.4452631837457,-3805.4452631837457,0.0,True,True,,1958.007632969081,dual_mac,,,,,,,,,,,,,,,,,,,,,,,,,,,,,,,
R2D_network_abstraction_revised,r2_R2D_network_abstraction_revised_0077_k100_repday_opt_base_with_storage_degradation_liion_4h_with_degradation_baseline_capfix0p40_copperplate,R2D_network_abstraction_revised,base_with_storage_degradation,baseline,k100,copperplate,0.4,1.9308909423102265,1.9308909423102256,5.040887171361225,132.73299702629208,-132.73299702629208,0.0,True,True,,,dual_mac,,,,,,,,,,,,,,,,,,,,,,,,,,,,,,,
R2D_network_abstraction_revised,r2_R2D_network_abstraction_revised_0078_k100_repday_opt_base_with_storage_degradation_liion_4h_with_degradation_baseline_capfix0p25_copperplate,R2D_network_abstraction_revised,base_with_storage_degradation,baseline,k100,copperplate,0.25,1.2068068389438915,1.2068068389438915,5.599273693298596,1320.8291108820654,-1320.8291108820654,0.0,True,True,,771.1625201290561,dual_mac,,,,,,,,,,,,,,,,,,,,,,,,,,,,,,,
R2D_network_abstraction_revised,r2_R2D_network_abstraction_revised_0079_k100_repday_opt_base_with_storage_degradation_liion_4h_with_degradation_baseline_capfix0p14_copperplate,R2D_network_abstraction_revised,base_with_storage_degradation,baseline,k100,copperplate,0.14,0.6758118298085793,0.6758118298085796,6.6326117319458255,4539.020351983768,-4539.020351983768,0.0,True,True,,1946.040962475237,dual_mac,,,,,,,,,,,,,,,,,,,,,,,,,,,,,,,
R2D_network_abstraction_revised,r2_R2D_network_abstraction_revised_0080_k100_repday_opt_base_with_DR10_EV_medium_thermal10_liion_4h_with_degradation_baseline_capfix0p40_copperplate,R2D_network_abstraction_revised,base_with_DR10_EV_medium_thermal10,baseline,k100,copperplate,0.4,1.9308909423102265,1.9308909423102272,5.188782200188661,297.6641467669674,-297.6641467669674,0.0,True,True,,,dual_mac,,,,,,,,,,,,,,,,,,,,,,,,,,,,,,,
R2D_network_abstraction_revised,r2_R2D_network_abstraction_revised_0081_k100_repday_opt_base_with_DR10_EV_medium_thermal10_liion_4h_with_degradation_baseline_capfix0p25_copperplate,R2D_network_abstraction_revised,base_with_DR10_EV_medium_thermal10,baseline,k100,copperplate,0.25,1.2068068389438915,1.2068068389438915,5.799754947417287,1384.0406314073816,-1384.0406314073816,0.0,True,True,,843.7869915775753,dual_mac,,,,,,,,,,,,,,,,,,,,,,,,,,,,,,,
R2D_network_abstraction_revised,r2_R2D_network_abstraction_revised_0082_k100_repday_opt_base_with_DR10_EV_medium_thermal10_liion_4h_with_degradation_baseline_capfix0p14_copperplate,R2D_network_abstraction_revised,base_with_DR10_EV_medium_thermal10,baseline,k100,copperplate,0.14,0.6758118298085793,0.6758118298085793,6.893614128509461,4539.020351983767,-4539.020351983767,0.0,True,True,,2060.017819891465,dual_mac,,,,,,,,,,,,,,,,,,,,,,,,,,,,,,,
R2D_network_abstraction_revised,r2_R2D_network_abstraction_revised_0083_k100_repday_opt_base_with_storage_degradation_liion_4h_with_degradation_baseline_capfix0p40_spatial_transfer_proxy,R2D_network_abstraction_revised,base_with_storage_degradation,baseline,k100,spatial_transfer_proxy,0.4,1.9308909423102265,1.930890942310228,5.154449931839928,281.7626362111792,-281.7626362111792,0.0,True,True,,,dual_mac,,,,,,,,,,,,,,,,,,,,,,,,,,,,,,,
R2D_network_abstraction_revised,r2_R2D_network_abstraction_revised_0084_k100_repday_opt_base_with_storage_degradation_liion_4h_with_degradation_baseline_capfix0p25_spatial_transfer_proxy,R2D_network_abstraction_revised,base_with_storage_degradation,baseline,k100,spatial_transfer_proxy,0.25,1.2068068389438915,1.2068068389438895,5.8074927139258925,1611.9470582135866,-1611.9470582135866,0.0,True,True,,901.888025230639,dual_mac,,,,,,,,,,,,,,,,,,,,,,,,,,,,,,,
R2D_network_abstraction_revised,r2_R2D_network_abstraction_revised_0085_k100_repday_opt_base_with_storage_degradation_liion_4h_with_degradation_baseline_capfix0p14_spatial_transfer_proxy,R2D_network_abstraction_revised,base_with_storage_degradation,baseline,k100,spatial_transfer_proxy,0.14,0.6758118298085793,0.6758118298085781,7.531790633519571,5070.301716988786,-5070.301716988786,0.0,True,True,,3247.295906606688,dual_mac,,,,,,,,,,,,,,,,,,,,,,,,,,,,,,,
R2D_network_abstraction_revised,r2_R2D_network_abstraction_revised_0086_k100_repday_opt_base_with_DR10_EV_medium_thermal10_liion_4h_with_degradation_baseline_capfix0p40_spatial_transfer_proxy,R2D_network_abstraction_revised,base_with_DR10_EV_medium_thermal10,baseline,k100,spatial_transfer_proxy,0.4,1.9308909423102265,1.9308909423102232,5.323171482811745,497.7622480203099,-497.7622480203099,0.0,True,True,,,dual_mac,,,,,,,,,,,,,,,,,,,,,,,,,,,,,,,
R2D_network_abstraction_revised,r2_R2D_network_abstraction_revised_0087_k100_repday_opt_base_with_DR10_EV_medium_thermal10_liion_4h_with_degradation_baseline_capfix0p25_spatial_transfer_proxy,R2D_network_abstraction_revised,base_with_DR10_EV_medium_thermal10,baseline,k100,spatial_transfer_proxy,0.25,1.2068068389438915,1.2068068389438895,6.112638483659578,1729.7427037112514,-1729.7427037112514,0.0,True,True,,1090.2973800661111,dual_mac,,,,,,,,,,,,,,,,,,,,,,,,,,,,,,,
R2D_network_abstraction_revised,r2_R2D_network_abstraction_revised_0088_k100_repday_opt_base_with_DR10_EV_medium_thermal10_liion_4h_with_degradation_baseline_capfix0p14_spatial_transfer_proxy,R2D_network_abstraction_revised,base_with_DR10_EV_medium_thermal10,baseline,k100,spatial_transfer_proxy,0.14,0.6758118298085793,0.6758118298085807,7.971824956395961,12250.465353468997,-12250.465353468997,0.0,True,True,,3501.325701279094,dual_mac,,,,,,,,,,,,,,,,,,,,,,,,,,,,,,,
R2E_spatial_resolution_revised,r2_R2E_spatial_resolution_revised_0089_k70_repday_opt_base_with_storage_degradation_liion_4h_with_degradation_baseline_capfix0p40,R2E_spatial_resolution_revised,base_with_storage_degradation,baseline,k70,node_interface,0.4,1.9308909423102265,1.9308909423102376,10.577008060704015,4987.579763594456,-4987.579763594456,0.0,True,True,,,dual_mac,,,,,,,,,,,,,,,,,,,,,,,,,,,,,,,
R2E_spatial_resolution_revised,r2_R2E_spatial_resolution_revised_0092_k100_repday_opt_base_with_storage_degradation_liion_4h_with_degradation_baseline_capfix0p40,R2E_spatial_resolution_revised,base_with_storage_degradation,baseline,k100,node_interface,0.4,1.9308909423102265,1.9308909423102256,5.3709271833666525,850.3233316789649,-850.3233316789649,0.0,True,True,,,dual_mac,,,,,,,,,,,,,,,,,,,,,,,,,,,,,,,
R2E_spatial_resolution_revised,r2_R2E_spatial_resolution_revised_0093_k100_repday_opt_base_with_storage_degradation_liion_4h_with_degradation_baseline_capfix0p25,R2E_spatial_resolution_revised,base_with_storage_degradation,baseline,k100,node_interface,0.25,1.2068068389438915,1.2068068389438946,6.595777846292342,2773.3567110555005,-2773.3567110555005,0.0,True,True,,1691.5861807091887,dual_mac,,,,,,,,,,,,,,,,,,,,,,,,,,,,,,,
R2E_spatial_resolution_revised,r2_R2E_spatial_resolution_revised_0094_k100_repday_opt_base_with_storage_degradation_liion_4h_with_degradation_baseline_capfix0p14,R2E_spatial_resolution_revised,base_with_storage_degradation,baseline,k100,node_interface,0.14,0.6758118298085793,0.6758118298085811,10.722882634181012,13304.350744154934,-13304.350744154934,0.0,True,True,,7772.398453630208,dual_mac,,,,,,,,,,,,,,,,,,,,,,,,,,,,,,,
R2E_spatial_resolution_revised,r2_R2E_spatial_resolution_revised_0095_k150_repday_opt_base_with_storage_degradation_liion_4h_with_degradation_baseline_capfix0p40,R2E_spatial_resolution_revised,base_with_storage_degradation,baseline,k150,node_interface,0.4,1.9308909423102265,1.930890942310241,10.936329680128356,7483.630454523725,-7483.630454523725,0.0,True,True,,,dual_mac,,,,,,,,,,,,,,,,,,,,,,,,,,,,,,,
,,,,,,,,,,,,,,,,,7.226426954917533,finite_difference_mac,r2_R2A_fixed_absolute_cap_core_0006_k100_repday_opt_base_with_storage_degradation_liion_4h_with_degradation_2030_capfix1p00,r2_R2A_fixed_absolute_cap_core_0007_k100_repday_opt_base_with_storage_degradation_liion_4h_with_degradation_2030_capfix0p40,5460.979148576735,39463.36691951752,,,,,,,,,,,,,,,,,,,,,,,,,,,
,,,,,,,,,,,,,,,,,932.6749049292677,finite_difference_mac,r2_R2A_fixed_absolute_cap_core_0007_k100_repday_opt_base_with_storage_degradation_liion_4h_with_degradation_2030_capfix0p40,r2_R2A_fixed_absolute_cap_core_0008_k100_repday_opt_base_with_storage_degradation_liion_4h_with_degradation_2030_capfix0p25,724084.1033663296,675335072.2679853,,,,,,,,,,,,,,,,,,,,,,,,,,,
,,,,,,,,,,,,,,,,,4216.068379346865,finite_difference_mac,r2_R2A_fixed_absolute_cap_core_0008_k100_repday_opt_base_with_storage_degradation_liion_4h_with_degradation_2030_capfix0p25,r2_R2A_fixed_absolute_cap_core_0009_k100_repday_opt_base_with_storage_degradation_liion_4h_with_degradation_2030_capfix0p15,482722.735577559,2035192061.4603643,,,,,,,,,,,,,,,,,,,,,,,,,,,
,,,,,,,,,,,,,,,,,13849.237818419711,finite_difference_mac,r2_R2A_fixed_absolute_cap_core_0009_k100_repday_opt_base_with_storage_degradation_liion_4h_with_degradation_2030_capfix0p15,r2_R2A_fixed_absolute_cap_core_0010_k100_repday_opt_base_with_storage_degradation_liion_4h_with_degradation_2030_capfix0p14,48272.27355775633,668534196.5371809,,,,,,,,,,,,,,,,,,,,,,,,,,,
,,,,,,,,,,,,,,,,,330.6338401774037,finite_difference_mac,r2_R2A_fixed_absolute_cap_core_0001_k100_repday_opt_base_with_storage_degradation_liion_4h_with_degradation_baseline_capfix1p00,r2_R2A_fixed_absolute_cap_core_0002_k100_repday_opt_base_with_storage_degradation_liion_4h_with_degradation_baseline_capfix0p40,480674.01320658927,158927094.85997868,,,,,,,,,,,,,,,,,,,,,,,,,,,
,,,,,,,,,,,,,,,,,1691.5861807091887,finite_difference_mac,r2_R2A_fixed_absolute_cap_core_0002_k100_repday_opt_base_with_storage_degradation_liion_4h_with_degradation_baseline_capfix0p40,r2_R2A_fixed_absolute_cap_core_0003_k100_repday_opt_base_with_storage_degradation_liion_4h_with_degradation_baseline_capfix0p25,724084.1033663312,1224850662.9256897,,,,,,,,,,,,,,,,,,,,,,,,,,,
,,,,,,,,,,,,,,,,,7223.982252614091,finite_difference_mac,r2_R2A_fixed_absolute_cap_core_0003_k100_repday_opt_base_with_storage_degradation_liion_4h_with_degradation_baseline_capfix0p25,r2_R2A_fixed_absolute_cap_core_0004_k100_repday_opt_base_with_storage_degradation_liion_4h_with_degradation_baseline_capfix0p15,482722.7355775584,3487180474.7456064,,,,,,,,,,,,,,,,,,,,,,,,,,,
,,,,,,,,,,,,,,,,,13256.560463791451,finite_difference_mac,r2_R2A_fixed_absolute_cap_core_0004_k100_repday_opt_base_with_storage_degradation_liion_4h_with_degradation_baseline_capfix0p15,r2_R2A_fixed_absolute_cap_core_0005_k100_repday_opt_base_with_storage_degradation_liion_4h_with_degradation_baseline_capfix0p14,48272.273557755165,639924313.1430626,,,,,,,,,,,,,,,,,,,,,,,,,,,
,,,,,,,,,,,,,,,,,219.44939775657164,finite_difference_mac,r2_R2B_storage_calendar_sensitivity_0016_k100_repday_opt_base_with_storage_degradation_legacy_no_degradation_baseline_capfix1p00,r2_R2B_storage_calendar_sensitivity_0017_k100_repday_opt_base_with_storage_degradation_legacy_no_degradation_baseline_capfix0p40,407490.3987890603,89423522.6058445,,,,,,,,,,,,,,,,,,,,,,,,,,,
,,,,,,,,,,,,,,,,,1440.3681864727375,finite_difference_mac,r2_R2B_storage_calendar_sensitivity_0017_k100_repday_opt_base_with_storage_degradation_legacy_no_degradation_baseline_capfix0p40,r2_R2B_storage_calendar_sensitivity_0018_k100_repday_opt_base_with_storage_degradation_legacy_no_degradation_baseline_capfix0p25,724084.10336633,1042947706.819499,,,,,,,,,,,,,,,,,,,,,,,,,,,
,,,,,,,,,,,,,,,,,6763.5065403509625,finite_difference_mac,r2_R2B_storage_calendar_sensitivity_0018_k100_repday_opt_base_with_storage_degradation_legacy_no_degradation_baseline_capfix0p25,r2_R2B_storage_calendar_sensitivity_0019_k100_repday_opt_base_with_storage_degradation_legacy_no_degradation_baseline_capfix0p15,482722.7355775543,3264898379.254897,,,,,,,,,,,,,,,,,,,,,,,,,,,
,,,,,,,,,,,,,,,,,12215.23843685478,finite_difference_mac,r2_R2B_storage_calendar_sensitivity_0019_k100_repday_opt_base_with_storage_degradation_legacy_no_degradation_baseline_capfix0p15,r2_R2B_storage_calendar_sensitivity_0020_k100_repday_opt_base_with_storage_degradation_legacy_no_degradation_baseline_capfix0p14,48272.27355775586,589657331.397068,,,,,,,,,,,,,,,,,,,,,,,,,,,
,,,,,,,,,,,,,,,,,364.9860788204679,finite_difference_mac,r2_R2B_storage_calendar_sensitivity_0036_k100_repday_opt_base_with_storage_degradation_liion_4h_calendar_high_baseline_capfix1p00,r2_R2B_storage_calendar_sensitivity_0037_k100_repday_opt_base_with_storage_degradation_liion_4h_calendar_high_baseline_capfix0p40,504109.25095595024,183992858.80353543,,,,,,,,,,,,,,,,,,,,,,,,,,,
,,,,,,,,,,,,,,,,,1803.053619357908,finite_difference_mac,r2_R2B_storage_calendar_sensitivity_0037_k100_repday_opt_base_with_storage_degradation_liion_4h_calendar_high_baseline_capfix0p40,r2_R2B_storage_calendar_sensitivity_0038_k100_repday_opt_base_with_storage_degradation_liion_4h_calendar_high_baseline_capfix0p25,724084.1033663324,1305562463.2941914,,,,,,,,,,,,,,,,,,,,,,,,,,,
,,,,,,,,,,,,,,,,,7629.734256331801,finite_difference_mac,r2_R2B_storage_calendar_sensitivity_0038_k100_repday_opt_base_with_storage_degradation_liion_4h_calendar_high_baseline_capfix0p25,r2_R2B_storage_calendar_sensitivity_0039_k100_repday_opt_base_with_storage_degradation_liion_4h_calendar_high_baseline_capfix0p15,482722.7355775569,3683046191.9462833,,,,,,,,,,,,,,,,,,,,,,,,,,,
,,,,,,,,,,,,,,,,,14066.455400799769,finite_difference_mac,r2_R2B_storage_calendar_sensitivity_0039_k100_repday_opt_base_with_storage_degradation_liion_4h_calendar_high_baseline_capfix0p15,r2_R2B_storage_calendar_sensitivity_0040_k100_repday_opt_base_with_storage_degradation_liion_4h_calendar_high_baseline_capfix0p14,48272.27355775668,679019783.0953903,,,,,,,,,,,,,,,,,,,,,,,,,,,
,,,,,,,,,,,,,,,,,316.2706532187507,finite_difference_mac,r2_R2B_storage_calendar_sensitivity_0026_k100_repday_opt_base_with_storage_degradation_liion_4h_calendar_low_baseline_capfix1p00,r2_R2B_storage_calendar_sensitivity_0027_k100_repday_opt_base_with_storage_degradation_liion_4h_calendar_low_baseline_capfix0p40,463638.3488605083,146635203.45137596,,,,,,,,,,,,,,,,,,,,,,,,,,,
,,,,,,,,,,,,,,,,,1636.3100931362262,finite_difference_mac,r2_R2B_storage_calendar_sensitivity_0027_k100_repday_opt_base_with_storage_degradation_liion_4h_calendar_low_baseline_capfix0p40,r2_R2B_storage_calendar_sensitivity_0028_k100_repday_opt_base_with_storage_degradation_liion_4h_calendar_low_baseline_capfix0p25,724084.1033663279,1184826126.617817,,,,,,,,,,,,,,,,,,,,,,,,,,,
,,,,,,,,,,,,,,,,,7020.531018719953,finite_difference_mac,r2_R2B_storage_calendar_sensitivity_0028_k100_repday_opt_base_with_storage_degradation_liion_4h_calendar_low_baseline_capfix0p25,r2_R2B_storage_calendar_sensitivity_0029_k100_repday_opt_base_with_storage_degradation_liion_4h_calendar_low_baseline_capfix0p15,482722.7355775576,3388969938.563593,,,,,,,,,,,,,,,,,,,,,,,,,,,
,,,,,,,,,,,,,,,,,12856.669066329485,finite_difference_mac,r2_R2B_storage_calendar_sensitivity_0029_k100_repday_opt_base_with_storage_degradation_liion_4h_calendar_low_baseline_capfix0p15,r2_R2B_storage_calendar_sensitivity_0030_k100_repday_opt_base_with_storage_degradation_liion_4h_calendar_low_baseline_capfix0p14,48272.27355775621,620620646.2113991,,,,,,,,,,,,,,,,,,,,,,,,,,,
,,,,,,,,,,,,,,,,,330.6338401774037,finite_difference_mac,r2_R2B_storage_calendar_sensitivity_0031_k100_repday_opt_base_with_storage_degradation_liion_4h_calendar_mid_baseline_capfix1p00,r2_R2B_storage_calendar_sensitivity_0032_k100_repday_opt_base_with_storage_degradation_liion_4h_calendar_mid_baseline_capfix0p40,480674.01320658927,158927094.85997868,,,,,,,,,,,,,,,,,,,,,,,,,,,
,,,,,,,,,,,,,,,,,1691.5861807091887,finite_difference_mac,r2_R2B_storage_calendar_sensitivity_0032_k100_repday_opt_base_with_storage_degradation_liion_4h_calendar_mid_baseline_capfix0p40,r2_R2B_storage_calendar_sensitivity_0033_k100_repday_opt_base_with_storage_degradation_liion_4h_calendar_mid_baseline_capfix0p25,724084.1033663312,1224850662.9256897,,,,,,,,,,,,,,,,,,,,,,,,,,,
,,,,,,,,,,,,,,,,,7223.982252614091,finite_difference_mac,r2_R2B_storage_calendar_sensitivity_0033_k100_repday_opt_base_with_storage_degradation_liion_4h_calendar_mid_baseline_capfix0p25,r2_R2B_storage_calendar_sensitivity_0034_k100_repday_opt_base_with_storage_degradation_liion_4h_calendar_mid_baseline_capfix0p15,482722.7355775584,3487180474.7456064,,,,,,,,,,,,,,,,,,,,,,,,,,,
,,,,,,,,,,,,,,,,,13256.560463791451,finite_difference_mac,r2_R2B_storage_calendar_sensitivity_0034_k100_repday_opt_base_with_storage_degradation_liion_4h_calendar_mid_baseline_capfix0p15,r2_R2B_storage_calendar_sensitivity_0035_k100_repday_opt_base_with_storage_degradation_liion_4h_calendar_mid_baseline_capfix0p14,48272.273557755165,639924313.1430626,,,,,,,,,,,,,,,,,,,,,,,,,,,
,,,,,,,,,,,,,,,,,313.7169662682774,finite_difference_mac,r2_R2B_storage_calendar_sensitivity_0021_k100_repday_opt_base_with_storage_degradation_liion_4h_throughput_only_baseline_capfix1p00,r2_R2B_storage_calendar_sensitivity_0022_k100_repday_opt_base_with_storage_degradation_liion_4h_throughput_only_baseline_capfix0p40,430077.1606611223,134922502.10388184,,,,,,,,,,,,,,,,,,,,,,,,,,,
,,,,,,,,,,,,,,,,,1581.2213484395313,finite_difference_mac,r2_R2B_storage_calendar_sensitivity_0022_k100_repday_opt_base_with_storage_degradation_liion_4h_throughput_only_baseline_capfix0p40,r2_R2B_storage_calendar_sensitivity_0023_k100_repday_opt_base_with_storage_degradation_liion_4h_throughput_only_baseline_capfix0p25,724084.1033663277,1144937242.3085337,,,,,,,,,,,,,,,,,,,,,,,,,,,
,,,,,,,,,,,,,,,,,6815.712253663267,finite_difference_mac,r2_R2B_storage_calendar_sensitivity_0023_k100_repday_opt_base_with_storage_degradation_liion_4h_throughput_only_baseline_capfix0p25,r2_R2B_storage_calendar_sensitivity_0024_k100_repday_opt_base_with_storage_degradation_liion_4h_throughput_only_baseline_capfix0p15,482722.7355775583,3290099263.997817,,,,,,,,,,,,,,,,,,,,,,,,,,,
,,,,,,,,,,,,,,,,,12469.801901555827,finite_difference_mac,r2_R2B_storage_calendar_sensitivity_0024_k100_repday_opt_base_with_storage_degradation_liion_4h_throughput_only_baseline_capfix0p15,r2_R2B_storage_calendar_sensitivity_0025_k100_repday_opt_base_with_storage_degradation_liion_4h_throughput_only_baseline_capfix0p14,48272.273557756096,601945688.6029301,,,,,,,,,,,,,,,,,,,,,,,,,,,
,,,,,,,,,,,,,,,,,108.78662876898927,finite_difference_mac,r2_R2B_storage_calendar_sensitivity_0046_k100_repday_opt_base_with_storage_degradation_liion_8h_LDES_calendar_mid_baseline_capfix1p00,r2_R2B_storage_calendar_sensitivity_0047_k100_repday_opt_base_with_storage_degradation_liion_8h_LDES_calendar_mid_baseline_capfix0p40,268240.9845223408,29181032.40386009,,,,,,,,,,,,,,,,,,,,,,,,,,,
,,,,,,,,,,,,,,,,,407.83504762003776,finite_difference_mac,r2_R2B_storage_calendar_sensitivity_0047_k100_repday_opt_base_with_storage_degradation_liion_8h_LDES_calendar_mid_baseline_capfix0p40,r2_R2B_storage_calendar_sensitivity_0048_k100_repday_opt_base_with_storage_degradation_liion_8h_LDES_calendar_mid_baseline_capfix0p25,724084.103366338,295306874.7773228,,,,,,,,,,,,,,,,,,,,,,,,,,,
,,,,,,,,,,,,,,,,,4304.925747162666,finite_difference_mac,r2_R2B_storage_calendar_sensitivity_0048_k100_repday_opt_base_with_storage_degradation_liion_8h_LDES_calendar_mid_baseline_capfix0p25,r2_R2B_storage_calendar_sensitivity_0049_k100_repday_opt_base_with_storage_degradation_liion_8h_LDES_calendar_mid_baseline_capfix0p15,482722.7355775547,2078085533.1286104,,,,,,,,,,,,,,,,,,,,,,,,,,,
,,,,,,,,,,,,,,,,,29570.40600903855,finite_difference_mac,r2_R2B_storage_calendar_sensitivity_0049_k100_repday_opt_base_with_storage_degradation_liion_8h_LDES_calendar_mid_baseline_capfix0p15,r2_R2B_storage_calendar_sensitivity_0050_k100_repday_opt_base_with_storage_degradation_liion_8h_LDES_calendar_mid_baseline_capfix0p14,48272.273557754816,1427430728.0821855,,,,,,,,,,,,,,,,,,,,,,,,,,,
,,,,,,,,,,,,,,,,,324.43684768682647,finite_difference_mac,r2_R2B_storage_calendar_sensitivity_0041_k100_repday_opt_base_with_storage_degradation_liion_8h_calendar_mid_baseline_capfix1p00,r2_R2B_storage_calendar_sensitivity_0042_k100_repday_opt_base_with_storage_degradation_liion_8h_calendar_mid_baseline_capfix0p40,480732.9383377435,155967479.09352303,,,,,,,,,,,,,,,,,,,,,,,,,,,
,,,,,,,,,,,,,,,,,1619.1300297396233,finite_difference_mac,r2_R2B_storage_calendar_sensitivity_0042_k100_repday_opt_base_with_storage_degradation_liion_8h_calendar_mid_baseline_capfix0p40,r2_R2B_storage_calendar_sensitivity_0043_k100_repday_opt_base_with_storage_degradation_liion_8h_calendar_mid_baseline_capfix0p25,724084.1033663289,1172386315.8175125,,,,,,,,,,,,,,,,,,,,,,,,,,,
,,,,,,,,,,,,,,,,,6664.047902818097,finite_difference_mac,r2_R2B_storage_calendar_sensitivity_0043_k100_repday_opt_base_with_storage_degradation_liion_8h_calendar_mid_baseline_capfix0p25,r2_R2B_storage_calendar_sensitivity_0044_k100_repday_opt_base_with_storage_degradation_liion_8h_calendar_mid_baseline_capfix0p15,482722.7355775556,3216887433.6682243,,,,,,,,,,,,,,,,,,,,,,,,,,,
,,,,,,,,,,,,,,,,,12433.923164227126,finite_difference_mac,r2_R2B_storage_calendar_sensitivity_0044_k100_repday_opt_base_with_storage_degradation_liion_8h_calendar_mid_baseline_capfix0p15,r2_R2B_storage_calendar_sensitivity_0045_k100_repday_opt_base_with_storage_degradation_liion_8h_calendar_mid_baseline_capfix0p14,48272.273557756096,600213740.3796921,,,,,,,,,,,,,,,,,,,,,,,,,,,
,,,,,,,,,,,,,,,,,1707.6123371139204,finite_difference_mac,r2_R2C_flexibility_ablation_ramped_0055_k100_repday_opt_base_with_DR10_liion_4h_with_degradation_baseline_capfix0p40,r2_R2C_flexibility_ablation_ramped_0056_k100_repday_opt_base_with_DR10_liion_4h_with_degradation_baseline_capfix0p25,724084.1033663324,1236454948.0164204,,,,,,,,,,,,,,,,,,,,,,,,,,,
,,,,,,,,,,,,,,,,,7216.061742142136,finite_difference_mac,r2_R2C_flexibility_ablation_ramped_0056_k100_repday_opt_base_with_DR10_liion_4h_with_degradation_baseline_capfix0p25,r2_R2C_flexibility_ablation_ramped_0057_k100_repday_opt_base_with_DR10_liion_4h_with_degradation_baseline_capfix0p15,482722.73557755735,3483357064.263406,,,,,,,,,,,,,,,,,,,,,,,,,,,
,,,,,,,,,,,,,,,,,13273.78183449757,finite_difference_mac,r2_R2C_flexibility_ablation_ramped_0057_k100_repday_opt_base_with_DR10_liion_4h_with_degradation_baseline_capfix0p15,r2_R2C_flexibility_ablation_ramped_0058_k100_repday_opt_base_with_DR10_liion_4h_with_degradation_baseline_capfix0p14,48272.27355775621,640755627.8608418,,,,,,,,,,,,,,,,,,,,,,,,,,,
,,,,,,,,,,,,,,,,,1958.007632969081,finite_difference_mac,r2_R2C_flexibility_ablation_ramped_0067_k100_repday_opt_base_with_DR10_EV_medium_thermal10_liion_4h_with_degradation_baseline_capfix0p40,r2_R2C_flexibility_ablation_ramped_0068_k100_repday_opt_base_with_DR10_EV_medium_thermal10_liion_4h_with_degradation_baseline_capfix0p25,724084.103366323,1417762201.3028336,,,,,,,,,,,,,,,,,,,,,,,,,,,
,,,,,,,,,,,,,,,,,1723.4533367606198,finite_difference_mac,r2_R2C_flexibility_ablation_ramped_0063_k100_repday_opt_base_with_DR10_thermal10_liion_4h_with_degradation_baseline_capfix0p40,r2_R2C_flexibility_ablation_ramped_0064_k100_repday_opt_base_with_DR10_thermal10_liion_4h_with_degradation_baseline_capfix0p25,724084.1033663338,1247925164.0420294,,,,,,,,,,,,,,,,,,,,,,,,,,,
,,,,,,,,,,,,,,,,,7210.157101859459,finite_difference_mac,r2_R2C_flexibility_ablation_ramped_0064_k100_repday_opt_base_with_DR10_thermal10_liion_4h_with_degradation_baseline_capfix0p25,r2_R2C_flexibility_ablation_ramped_0065_k100_repday_opt_base_with_DR10_thermal10_liion_4h_with_degradation_baseline_capfix0p15,482722.7355775597,3480506760.153568,,,,,,,,,,,,,,,,,,,,,,,,,,,
,,,,,,,,,,,,,,,,,13285.618857306104,finite_difference_mac,r2_R2C_flexibility_ablation_ramped_0065_k100_repday_opt_base_with_DR10_thermal10_liion_4h_with_degradation_baseline_capfix0p15,r2_R2C_flexibility_ablation_ramped_0066_k100_repday_opt_base_with_DR10_thermal10_liion_4h_with_degradation_baseline_capfix0p14,48272.27355775703,641327027.8639755,,,,,,,,,,,,,,,,,,,,,,,,,,,
,,,,,,,,,,,,,,,,,1691.5861807091887,finite_difference_mac,r2_R2C_flexibility_ablation_ramped_0051_k100_repday_opt_base_with_storage_degradation_liion_4h_with_degradation_baseline_capfix0p40,r2_R2C_flexibility_ablation_ramped_0052_k100_repday_opt_base_with_storage_degradation_liion_4h_with_degradation_baseline_capfix0p25,724084.1033663312,1224850662.9256897,,,,,,,,,,,,,,,,,,,,,,,,,,,
,,,,,,,,,,,,,,,,,7223.982252614091,finite_difference_mac,r2_R2C_flexibility_ablation_ramped_0052_k100_repday_opt_base_with_storage_degradation_liion_4h_with_degradation_baseline_capfix0p25,r2_R2C_flexibility_ablation_ramped_0053_k100_repday_opt_base_with_storage_degradation_liion_4h_with_degradation_baseline_capfix0p15,482722.7355775584,3487180474.7456064,,,,,,,,,,,,,,,,,,,,,,,,,,,
,,,,,,,,,,,,,,,,,13256.560463791451,finite_difference_mac,r2_R2C_flexibility_ablation_ramped_0053_k100_repday_opt_base_with_storage_degradation_liion_4h_with_degradation_baseline_capfix0p15,r2_R2C_flexibility_ablation_ramped_0054_k100_repday_opt_base_with_storage_degradation_liion_4h_with_degradation_baseline_capfix0p14,48272.273557755165,639924313.1430626,,,,,,,,,,,,,,,,,,,,,,,,,,,
,,,,,,,,,,,,,,,,,1708.4830051083147,finite_difference_mac,r2_R2C_flexibility_ablation_ramped_0059_k100_repday_opt_base_with_thermal10_liion_4h_with_degradation_baseline_capfix0p40,r2_R2C_flexibility_ablation_ramped_0060_k100_repday_opt_base_with_thermal10_liion_4h_with_degradation_baseline_capfix0p25,724084.1033663312,1237085384.870469,,,,,,,,,,,,,,,,,,,,,,,,,,,
,,,,,,,,,,,,,,,,,7216.219327564448,finite_difference_mac,r2_R2C_flexibility_ablation_ramped_0060_k100_repday_opt_base_with_thermal10_liion_4h_with_degradation_baseline_capfix0p25,r2_R2C_flexibility_ablation_ramped_0061_k100_repday_opt_base_with_thermal10_liion_4h_with_degradation_baseline_capfix0p15,482722.7355775571,3483433134.32955,,,,,,,,,,,,,,,,,,,,,,,,,,,
,,,,,,,,,,,,,,,,,13274.702704463349,finite_difference_mac,r2_R2C_flexibility_ablation_ramped_0061_k100_repday_opt_base_with_thermal10_liion_4h_with_degradation_baseline_capfix0p15,r2_R2C_flexibility_ablation_ramped_0062_k100_repday_opt_base_with_thermal10_liion_4h_with_degradation_baseline_capfix0p14,48272.273557756445,640800080.347744,,,,,,,,,,,,,,,,,,,,,,,,,,,
,,,,,,,,,,,,,,,,,843.7869915775753,finite_difference_mac,r2_R2D_network_abstraction_revised_0080_k100_repday_opt_base_with_DR10_EV_medium_thermal10_liion_4h_with_degradation_baseline_capfix0p40_copperplate,r2_R2D_network_abstraction_revised_0081_k100_repday_opt_base_with_DR10_EV_medium_thermal10_liion_4h_with_degradation_baseline_capfix0p25_copperplate,724084.1033663354,610972747.2286263,,,,,,,,,,,,,,,,,,,,,,,,,,,
,,,,,,,,,,,,,,,,,2060.017819891465,finite_difference_mac,r2_R2D_network_abstraction_revised_0081_k100_repday_opt_base_with_DR10_EV_medium_thermal10_liion_4h_with_degradation_baseline_capfix0p25_copperplate,r2_R2D_network_abstraction_revised_0082_k100_repday_opt_base_with_DR10_EV_medium_thermal10_liion_4h_with_degradation_baseline_capfix0p14_copperplate,530995.0091353124,1093859181.0921743,,,,,,,,,,,,,,,,,,,,,,,,,,,
,,,,,,,,,,,,,,,,,1958.007632969081,finite_difference_mac,r2_R2D_network_abstraction_revised_0074_k100_repday_opt_base_with_DR10_EV_medium_thermal10_liion_4h_with_degradation_baseline_capfix0p40_node_interface,r2_R2D_network_abstraction_revised_0075_k100_repday_opt_base_with_DR10_EV_medium_thermal10_liion_4h_with_degradation_baseline_capfix0p25_node_interface,724084.103366323,1417762201.3028336,,,,,,,,,,,,,,,,,,,,,,,,,,,
,,,,,,,,,,,,,,,,,1090.2973800661111,finite_difference_mac,r2_R2D_network_abstraction_revised_0086_k100_repday_opt_base_with_DR10_EV_medium_thermal10_liion_4h_with_degradation_baseline_capfix0p40_spatial_transfer_proxy,r2_R2D_network_abstraction_revised_0087_k100_repday_opt_base_with_DR10_EV_medium_thermal10_liion_4h_with_degradation_baseline_capfix0p25_spatial_transfer_proxy,724084.1033663335,789467000.8478327,,,,,,,,,,,,,,,,,,,,,,,,,,,
,,,,,,,,,,,,,,,,,3501.325701279094,finite_difference_mac,r2_R2D_network_abstraction_revised_0087_k100_repday_opt_base_with_DR10_EV_medium_thermal10_liion_4h_with_degradation_baseline_capfix0p25_spatial_transfer_proxy,r2_R2D_network_abstraction_revised_0088_k100_repday_opt_base_with_DR10_EV_medium_thermal10_liion_4h_with_degradation_baseline_capfix0p14_spatial_transfer_proxy,530995.0091353089,1859186472.7363844,,,,,,,,,,,,,,,,,,,,,,,,,,,
,,,,,,,,,,,,,,,,,771.1625201290561,finite_difference_mac,r2_R2D_network_abstraction_revised_0077_k100_repday_opt_base_with_storage_degradation_liion_4h_with_degradation_baseline_capfix0p40_copperplate,r2_R2D_network_abstraction_revised_0078_k100_repday_opt_base_with_storage_degradation_liion_4h_with_degradation_baseline_capfix0p25_copperplate,724084.1033663342,558386521.9373703,,,,,,,,,,,,,,,,,,,,,,,,,,,
,,,,,,,,,,,,,,,,,1946.040962475237,finite_difference_mac,r2_R2D_network_abstraction_revised_0078_k100_repday_opt_base_with_storage_degradation_liion_4h_with_degradation_baseline_capfix0p25_copperplate,r2_R2D_network_abstraction_revised_0079_k100_repday_opt_base_with_storage_degradation_liion_4h_with_degradation_baseline_capfix0p14_copperplate,530995.0091353122,1033338038.64723,,,,,,,,,,,,,,,,,,,,,,,,,,,
,,,,,,,,,,,,,,,,,1691.5861807091887,finite_difference_mac,r2_R2D_network_abstraction_revised_0071_k100_repday_opt_base_with_storage_degradation_liion_4h_with_degradation_baseline_capfix0p40_node_interface,r2_R2D_network_abstraction_revised_0072_k100_repday_opt_base_with_storage_degradation_liion_4h_with_degradation_baseline_capfix0p25_node_interface,724084.1033663312,1224850662.9256897,,,,,,,,,,,,,,,,,,,,,,,,,,,
,,,,,,,,,,,,,,,,,7772.398453630208,finite_difference_mac,r2_R2D_network_abstraction_revised_0072_k100_repday_opt_base_with_storage_degradation_liion_4h_with_degradation_baseline_capfix0p25_node_interface,r2_R2D_network_abstraction_revised_0073_k100_repday_opt_base_with_storage_degradation_liion_4h_with_degradation_baseline_capfix0p14_node_interface,530995.0091353136,4127104787.888669,,,,,,,,,,,,,,,,,,,,,,,,,,,
,,,,,,,,,,,,,,,,,901.888025230639,finite_difference_mac,r2_R2D_network_abstraction_revised_0083_k100_repday_opt_base_with_storage_degradation_liion_4h_with_degradation_baseline_capfix0p40_spatial_transfer_proxy,r2_R2D_network_abstraction_revised_0084_k100_repday_opt_base_with_storage_degradation_liion_4h_with_degradation_baseline_capfix0p25_spatial_transfer_proxy,724084.1033663377,653042782.0859642,,,,,,,,,,,,,,,,,,,,,,,,,,,
,,,,,,,,,,,,,,,,,3247.295906606688,finite_difference_mac,r2_R2D_network_abstraction_revised_0084_k100_repday_opt_base_with_storage_degradation_liion_4h_with_degradation_baseline_capfix0p25_spatial_transfer_proxy,r2_R2D_network_abstraction_revised_0085_k100_repday_opt_base_with_storage_degradation_liion_4h_with_degradation_baseline_capfix0p14_spatial_transfer_proxy,530995.0091353117,1724297919.5936785,,,,,,,,,,,,,,,,,,,,,,,,,,,
,,,,,,,,,,,,,,,,,1691.5861807091887,finite_difference_mac,r2_R2E_spatial_resolution_revised_0092_k100_repday_opt_base_with_storage_degradation_liion_4h_with_degradation_baseline_capfix0p40,r2_R2E_spatial_resolution_revised_0093_k100_repday_opt_base_with_storage_degradation_liion_4h_with_degradation_baseline_capfix0p25,724084.1033663312,1224850662.9256897,,,,,,,,,,,,,,,,,,,,,,,,,,,
,,,,,,,,,,,,,,,,,7772.398453630208,finite_difference_mac,r2_R2E_spatial_resolution_revised_0093_k100_repday_opt_base_with_storage_degradation_liion_4h_with_degradation_baseline_capfix0p25,r2_R2E_spatial_resolution_revised_0094_k100_repday_opt_base_with_storage_degradation_liion_4h_with_degradation_baseline_capfix0p14,530995.0091353136,4127104787.888669,,,,,,,,,,,,,,,,,,,,,,,,,,,
E9_dual_bottleneck,r0005_k100_repday_opt_base_with_storage_degradation_baseline_cap0.14,,base_with_storage_degradation,,,,,,,,,,,,True,,,binding_constraints,,,,,True,8.0,valid_runs_only,10.0,2.0,0.14,bess_energy_bound,optimal,802.0,-0.0,,,,,,,,,,,,,,,,,
E9_dual_bottleneck,r0005_k100_repday_opt_base_with_storage_degradation_baseline_cap0.14,,base_with_storage_degradation,,,,,,,,,,,,True,,,binding_constraints,,,,,True,8.0,valid_runs_only,10.0,2.0,0.14,grid_interface,optimal,320.0,2.8421709430404014e-14,,,,,,,,,,,,,,,,,
E9_dual_bottleneck,r0005_k100_repday_opt_base_with_storage_degradation_baseline_cap0.14,,base_with_storage_degradation,,,,,,,,,,,,True,,,binding_constraints,,,,,True,8.0,valid_runs_only,10.0,2.0,0.14,bess_duration,optimal,100.0,-24.373480141616128,,,,,,,,,,,,,,,,,
E9_dual_bottleneck,r0005_k100_repday_opt_base_with_storage_degradation_baseline_cap0.14,,base_with_storage_degradation,,,,,,,,,,,,True,,,binding_constraints,,,,,True,8.0,valid_runs_only,10.0,2.0,0.14,bess_charge_power,optimal,2.0,-0.0,,,,,,,,,,,,,,,,,
E9_dual_bottleneck,r0005_k100_repday_opt_base_with_storage_degradation_baseline_cap0.14,,base_with_storage_degradation,,,,,,,,,,,,True,,,binding_constraints,,,,,True,8.0,valid_runs_only,10.0,2.0,0.14,co2_cap,optimal,1.0,-13814.961136213076,,,,,,,,,,,,,,,,,
E9_dual_bottleneck,r0005_k100_repday_opt_base_with_storage_degradation_baseline_cap0.14,,base_with_storage_degradation,,,,,,,,,,,,True,,,binding_constraints,,,,,True,8.0,valid_runs_only,10.0,2.0,0.14,bess_discharge_power,optimal,0.0,-0.0,,,,,,,,,,,,,,,,,
E9_dual_bottleneck,r0004_k100_repday_opt_base_with_storage_degradation_baseline_cap0.15,,base_with_storage_degradation,,,,,,,,,,,,True,,,binding_constraints,,,,,True,8.0,valid_runs_only,10.0,2.0,0.15,bess_energy_bound,optimal,892.0,-0.0,,,,,,,,,,,,,,,,,
E9_dual_bottleneck,r0004_k100_repday_opt_base_with_storage_degradation_baseline_cap0.15,,base_with_storage_degradation,,,,,,,,,,,,True,,,binding_constraints,,,,,True,8.0,valid_runs_only,10.0,2.0,0.15,grid_interface,optimal,343.0,-0.0,,,,,,,,,,,,,,,,,
E9_dual_bottleneck,r0004_k100_repday_opt_base_with_storage_degradation_baseline_cap0.15,,base_with_storage_degradation,,,,,,,,,,,,True,,,binding_constraints,,,,,True,8.0,valid_runs_only,10.0,2.0,0.15,bess_duration,optimal,100.0,-24.373480141616128,,,,,,,,,,,,,,,,,
E9_dual_bottleneck,r0004_k100_repday_opt_base_with_storage_degradation_baseline_cap0.15,,base_with_storage_degradation,,,,,,,,,,,,True,,,binding_constraints,,,,,True,8.0,valid_runs_only,10.0,2.0,0.15,bess_charge_power,optimal,10.0,-0.0,,,,,,,,,,,,,,,,,
E9_dual_bottleneck,r0004_k100_repday_opt_base_with_storage_degradation_baseline_cap0.15,,base_with_storage_degradation,,,,,,,,,,,,True,,,binding_constraints,,,,,True,8.0,valid_runs_only,10.0,2.0,0.15,co2_cap,optimal,1.0,-11776.041417518063,,,,,,,,,,,,,,,,,
E9_dual_bottleneck,r0004_k100_repday_opt_base_with_storage_degradation_baseline_cap0.15,,base_with_storage_degradation,,,,,,,,,,,,True,,,binding_constraints,,,,,True,8.0,valid_runs_only,10.0,2.0,0.15,bess_discharge_power,optimal,0.0,-0.0,,,,,,,,,,,,,,,,,
E9_dual_bottleneck,r0008_k100_repday_opt_base_with_DR10_EV_medium_thermal10_baseline_cap0.25,,base_with_DR10_EV_medium_thermal10,,,,,,,,,,,,True,,,binding_constraints,,,,,True,8.0,valid_runs_only,10.0,2.0,0.25,bess_energy_bound,optimal,3472.0,-0.0,,,,,,,,,,,,,,,,,
E9_dual_bottleneck,r0008_k100_repday_opt_base_with_DR10_EV_medium_thermal10_baseline_cap0.25,,base_with_DR10_EV_medium_thermal10,,,,,,,,,,,,True,,,binding_constraints,,,,,True,8.0,valid_runs_only,10.0,2.0,0.25,bess_charge_power,optimal,592.0,1.4210854715202004e-14,,,,,,,,,,,,,,,,,
E9_dual_bottleneck,r0008_k100_repday_opt_base_with_DR10_EV_medium_thermal10_baseline_cap0.25,,base_with_DR10_EV_medium_thermal10,,,,,,,,,,,,True,,,binding_constraints,,,,,True,8.0,valid_runs_only,10.0,2.0,0.25,grid_interface,optimal,288.0,1.4210854715202004e-14,,,,,,,,,,,,,,,,,
E9_dual_bottleneck,r0008_k100_repday_opt_base_with_DR10_EV_medium_thermal10_baseline_cap0.25,,base_with_DR10_EV_medium_thermal10,,,,,,,,,,,,True,,,binding_constraints,,,,,True,8.0,valid_runs_only,10.0,2.0,0.25,bess_duration,optimal,100.0,-7.338742991005756,,,,,,,,,,,,,,,,,
E9_dual_bottleneck,r0008_k100_repday_opt_base_with_DR10_EV_medium_thermal10_baseline_cap0.25,,base_with_DR10_EV_medium_thermal10,,,,,,,,,,,,True,,,binding_constraints,,,,,True,8.0,valid_runs_only,10.0,2.0,0.25,co2_cap,optimal,1.0,-3587.033777854793,,,,,,,,,,,,,,,,,
E9_dual_bottleneck,r0008_k100_repday_opt_base_with_DR10_EV_medium_thermal10_baseline_cap0.25,,base_with_DR10_EV_medium_thermal10,,,,,,,,,,,,True,,,binding_constraints,,,,,True,8.0,valid_runs_only,10.0,2.0,0.25,bess_discharge_power,optimal,0.0,-0.0,,,,,,,,,,,,,,,,,
E9_dual_bottleneck,r0003_k100_repday_opt_base_with_storage_degradation_baseline_cap0.25,,base_with_storage_degradation,,,,,,,,,,,,True,,,binding_constraints,,,,,True,8.0,valid_runs_only,10.0,2.0,0.25,bess_energy_bound,optimal,2020.0,-0.0,,,,,,,,,,,,,,,,,
E9_dual_bottleneck,r0003_k100_repday_opt_base_with_storage_degradation_baseline_cap0.25,,base_with_storage_degradation,,,,,,,,,,,,True,,,binding_constraints,,,,,True,8.0,valid_runs_only,10.0,2.0,0.25,bess_charge_power,optimal,1366.0,-0.0,,,,,,,,,,,,,,,,,
E9_dual_bottleneck,r0003_k100_repday_opt_base_with_storage_degradation_baseline_cap0.25,,base_with_storage_degradation,,,,,,,,,,,,True,,,binding_constraints,,,,,True,8.0,valid_runs_only,10.0,2.0,0.25,grid_interface,optimal,284.0,1.4210854715202004e-14,,,,,,,,,,,,,,,,,
E9_dual_bottleneck,r0003_k100_repday_opt_base_with_storage_degradation_baseline_cap0.25,,base_with_storage_degradation,,,,,,,,,,,,True,,,binding_constraints,,,,,True,8.0,valid_runs_only,10.0,2.0,0.25,bess_duration,optimal,100.0,-10.50599670606634,,,,,,,,,,,,,,,,,
E9_dual_bottleneck,r0003_k100_repday_opt_base_with_storage_degradation_baseline_cap0.25,,base_with_storage_degradation,,,,,,,,,,,,True,,,binding_constraints,,,,,True,8.0,valid_runs_only,10.0,2.0,0.25,bess_discharge_power,optimal,12.0,-0.0,,,,,,,,,,,,,,,,,
E9_dual_bottleneck,r0003_k100_repday_opt_base_with_storage_degradation_baseline_cap0.25,,base_with_storage_degradation,,,,,,,,,,,,True,,,binding_constraints,,,,,True,8.0,valid_runs_only,10.0,2.0,0.25,co2_cap,optimal,1.0,-2639.749063987656,,,,,,,,,,,,,,,,,
E9_dual_bottleneck,r0007_k100_repday_opt_base_with_DR10_EV_medium_thermal10_baseline_cap0.40,,base_with_DR10_EV_medium_thermal10,,,,,,,,,,,,True,,,binding_constraints,,,,,True,8.0,valid_runs_only,10.0,2.0,0.4,bess_energy_bound,optimal,4022.0,-0.0,,,,,,,,,,,,,,,,,
E9_dual_bottleneck,r0007_k100_repday_opt_base_with_DR10_EV_medium_thermal10_baseline_cap0.40,,base_with_DR10_EV_medium_thermal10,,,,,,,,,,,,True,,,binding_constraints,,,,,True,8.0,valid_runs_only,10.0,2.0,0.4,bess_charge_power,optimal,3610.0,-0.0,,,,,,,,,,,,,,,,,
E9_dual_bottleneck,r0007_k100_repday_opt_base_with_DR10_EV_medium_thermal10_baseline_cap0.40,,base_with_DR10_EV_medium_thermal10,,,,,,,,,,,,True,,,binding_constraints,,,,,True,8.0,valid_runs_only,10.0,2.0,0.4,bess_discharge_power,optimal,990.0,-0.0,,,,,,,,,,,,,,,,,
E9_dual_bottleneck,r0007_k100_repday_opt_base_with_DR10_EV_medium_thermal10_baseline_cap0.40,,base_with_DR10_EV_medium_thermal10,,,,,,,,,,,,True,,,binding_constraints,,,,,True,8.0,valid_runs_only,10.0,2.0,0.4,bess_duration,optimal,100.0,-6.938242672080316,,,,,,,,,,,,,,,,,
E9_dual_bottleneck,r0007_k100_repday_opt_base_with_DR10_EV_medium_thermal10_baseline_cap0.40,,base_with_DR10_EV_medium_thermal10,,,,,,,,,,,,True,,,binding_constraints,,,,,True,8.0,valid_runs_only,10.0,2.0,0.4,grid_interface,optimal,14.0,-0.0,,,,,,,,,,,,,,,,,
E9_dual_bottleneck,r0007_k100_repday_opt_base_with_DR10_EV_medium_thermal10_baseline_cap0.40,,base_with_DR10_EV_medium_thermal10,,,,,,,,,,,,True,,,binding_constraints,,,,,True,8.0,valid_runs_only,10.0,2.0,0.4,co2_cap,optimal,1.0,-900.443173299633,,,,,,,,,,,,,,,,,
E9_dual_bottleneck,r0002_k100_repday_opt_base_with_storage_degradation_baseline_cap0.40,,base_with_storage_degradation,,,,,,,,,,,,True,,,binding_constraints,,,,,True,8.0,valid_runs_only,10.0,2.0,0.4,bess_energy_bound,optimal,4424.0,-0.0,,,,,,,,,,,,,,,,,
E9_dual_bottleneck,r0002_k100_repday_opt_base_with_storage_degradation_baseline_cap0.40,,base_with_storage_degradation,,,,,,,,,,,,True,,,binding_constraints,,,,,True,8.0,valid_runs_only,10.0,2.0,0.4,bess_charge_power,optimal,4264.0,1.4210854715202004e-14,,,,,,,,,,,,,,,,,
E9_dual_bottleneck,r0002_k100_repday_opt_base_with_storage_degradation_baseline_cap0.40,,base_with_storage_degradation,,,,,,,,,,,,True,,,binding_constraints,,,,,True,8.0,valid_runs_only,10.0,2.0,0.4,bess_discharge_power,optimal,1348.0,1.4210854715202006e-13,,,,,,,,,,,,,,,,,
E9_dual_bottleneck,r0002_k100_repday_opt_base_with_storage_degradation_baseline_cap0.40,,base_with_storage_degradation,,,,,,,,,,,,True,,,binding_constraints,,,,,True,8.0,valid_runs_only,10.0,2.0,0.4,bess_duration,optimal,87.0,-0.0,,,,,,,,,,,,,,,,,
E9_dual_bottleneck,r0002_k100_repday_opt_base_with_storage_degradation_baseline_cap0.40,,base_with_storage_degradation,,,,,,,,,,,,True,,,binding_constraints,,,,,True,8.0,valid_runs_only,10.0,2.0,0.4,grid_interface,optimal,4.0,-0.0,,,,,,,,,,,,,,,,,
E9_dual_bottleneck,r0002_k100_repday_opt_base_with_storage_degradation_baseline_cap0.40,,base_with_storage_degradation,,,,,,,,,,,,True,,,binding_constraints,,,,,True,8.0,valid_runs_only,10.0,2.0,0.4,co2_cap,optimal,1.0,-683.7929013051972,,,,,,,,,,,,,,,,,
E9_dual_bottleneck,r0006_k100_repday_opt_base_with_DR10_EV_medium_thermal10_baseline_cap1.00,,base_with_DR10_EV_medium_thermal10,,,,,,,,,,,,True,,,binding_constraints,,,,,True,8.0,valid_runs_only,10.0,2.0,1.0,bess_energy_bound,optimal,6666.0,-0.0,,,,,,,,,,,,,,,,,
E9_dual_bottleneck,r0006_k100_repday_opt_base_with_DR10_EV_medium_thermal10_baseline_cap1.00,,base_with_DR10_EV_medium_thermal10,,,,,,,,,,,,True,,,binding_constraints,,,,,True,8.0,valid_runs_only,10.0,2.0,1.0,bess_charge_power,optimal,5952.0,-0.0,,,,,,,,,,,,,,,,,
E9_dual_bottleneck,r0006_k100_repday_opt_base_with_DR10_EV_medium_thermal10_baseline_cap1.00,,base_with_DR10_EV_medium_thermal10,,,,,,,,,,,,True,,,binding_constraints,,,,,True,8.0,valid_runs_only,10.0,2.0,1.0,bess_discharge_power,optimal,2338.0,1.4210854715202004e-14,,,,,,,,,,,,,,,,,
E9_dual_bottleneck,r0006_k100_repday_opt_base_with_DR10_EV_medium_thermal10_baseline_cap1.00,,base_with_DR10_EV_medium_thermal10,,,,,,,,,,,,True,,,binding_constraints,,,,,True,8.0,valid_runs_only,10.0,2.0,1.0,bess_duration,optimal,96.0,-0.0,,,,,,,,,,,,,,,,,
E9_dual_bottleneck,r0006_k100_repday_opt_base_with_DR10_EV_medium_thermal10_baseline_cap1.00,,base_with_DR10_EV_medium_thermal10,,,,,,,,,,,,True,,,binding_constraints,,,,,True,8.0,valid_runs_only,10.0,2.0,1.0,co2_cap,optimal,0.0,-0.0,,,,,,,,,,,,,,,,,
E9_dual_bottleneck,r0006_k100_repday_opt_base_with_DR10_EV_medium_thermal10_baseline_cap1.00,,base_with_DR10_EV_medium_thermal10,,,,,,,,,,,,True,,,binding_constraints,,,,,True,8.0,valid_runs_only,10.0,2.0,1.0,grid_interface,optimal,0.0,-0.0,,,,,,,,,,,,,,,,,
E9_dual_bottleneck,r0001_k100_repday_opt_base_with_storage_degradation_baseline_cap1.00,,base_with_storage_degradation,,,,,,,,,,,,True,,,binding_constraints,,,,,True,8.0,valid_runs_only,10.0,2.0,1.0,bess_energy_bound,optimal,5946.0,-0.0,,,,,,,,,,,,,,,,,
E9_dual_bottleneck,r0001_k100_repday_opt_base_with_storage_degradation_baseline_cap1.00,,base_with_storage_degradation,,,,,,,,,,,,True,,,binding_constraints,,,,,True,8.0,valid_runs_only,10.0,2.0,1.0,bess_charge_power,optimal,5732.0,-0.0,,,,,,,,,,,,,,,,,
E9_dual_bottleneck,r0001_k100_repday_opt_base_with_storage_degradation_baseline_cap1.00,,base_with_storage_degradation,,,,,,,,,,,,True,,,binding_constraints,,,,,True,8.0,valid_runs_only,10.0,2.0,1.0,bess_discharge_power,optimal,2426.0,1.4210854715202004e-14,,,,,,,,,,,,,,,,,
E9_dual_bottleneck,r0001_k100_repday_opt_base_with_storage_degradation_baseline_cap1.00,,base_with_storage_degradation,,,,,,,,,,,,True,,,binding_constraints,,,,,True,8.0,valid_runs_only,10.0,2.0,1.0,bess_duration,optimal,24.0,-0.0,,,,,,,,,,,,,,,,,
E9_dual_bottleneck,r0001_k100_repday_opt_base_with_storage_degradation_baseline_cap1.00,,base_with_storage_degradation,,,,,,,,,,,,True,,,binding_constraints,,,,,True,8.0,valid_runs_only,10.0,2.0,1.0,co2_cap,optimal,0.0,-0.0,,,,,,,,,,,,,,,,,
E9_dual_bottleneck,r0001_k100_repday_opt_base_with_storage_degradation_baseline_cap1.00,,base_with_storage_degradation,,,,,,,,,,,,True,,,binding_constraints,,,,,True,8.0,valid_runs_only,10.0,2.0,1.0,grid_interface,optimal,0.0,-0.0,,,,,,,,,,,,,,,,,
,,,,,,,0.14,,,,,,,,True,,,relaxation_1pct,,,,,,,,,,,,,,,r2_R2A_fixed_absolute_cap_core_0005_k100_repday_opt_base_with_storage_degradation_liion_4h_with_degradation_baseline_capfix0p14,r3b_004_battery_duration_global_capfix0p14,battery_duration_global,GLOBAL,0.01,10.722882634181012,10.715336731341074,0.0075459028399382,0.000704215185125,0.6758118298085811,0.675811829808581,31269.0753394945,31269.075339494502,5126.223180569199,5126.223180569199,856.7612389004349,856.7612389004349
,,,,,,,0.14,,,,,,,,True,,,relaxation_1pct,,,,,,,,,,,,,,,r2_R2A_fixed_absolute_cap_core_0005_k100_repday_opt_base_with_storage_degradation_liion_4h_with_degradation_baseline_capfix0p14,r3b_003_node_grid_capacity_scale_capfix0p14,node_grid_capacity_scale,k100_0034|k100_0011|k100_0025|k100_0013|k100_0026,0.01,10.722882634181012,10.722882634181005,8.881784197001252e-15,8.283019128353659e-16,0.6758118298085811,0.6758118298085818,31269.0753394945,31269.07533949446,5126.223180569199,5126.223180569199,856.7612389004349,856.7612389004349
,,,,,,,0.14,,,,,,,,True,,,relaxation_1pct,,,,,,,,,,,,,,,r2_R2A_fixed_absolute_cap_core_0005_k100_repday_opt_base_with_storage_degradation_liion_4h_with_degradation_baseline_capfix0p14,r3b_001_node_pv_potential_scale_capfix0p14,node_pv_potential_scale,k100_0084|k100_0069|k100_0029|k100_0003|k100_0035,0.01,10.722882634181012,10.70352771525677,0.0193549189242414,0.0018082747519449,0.6758118298085811,0.6758118298085811,31269.0753394945,31163.574837006327,5126.223180569199,5131.970594999638,856.7612389004349,856.7612389004349
,,,,,,,0.14,,,,,,,,True,,,relaxation_1pct,,,,,,,,,,,,,,,r2_R2A_fixed_absolute_cap_core_0005_k100_repday_opt_base_with_storage_degradation_liion_4h_with_degradation_baseline_capfix0p14,r3b_002_node_wind_potential_scale_capfix0p14,node_wind_potential_scale,k100_0084|k100_0069|k100_0049|k100_0053|k100_0091,0.01,10.722882634181012,10.719801486054438,0.003081148126574,0.0002874258567737,0.6758118298085811,0.6758118298085807,31269.0753394945,31249.664581146622,5126.223180569199,5126.223180569199,856.7612389004349,857.7612389004349
,,,,,,,0.25,,,,,,,,True,,,relaxation_1pct,,,,,,,,,,,,,,,r2_R2A_fixed_absolute_cap_core_0003_k100_repday_opt_base_with_storage_degradation_liion_4h_with_degradation_baseline_capfix0p25,r3b_008_battery_duration_global_capfix0p25,battery_duration_global,GLOBAL,0.01,6.595777846292342,6.59297390833341,0.0028039379589319,0.0004252918330812,1.2068068389438946,1.206806838943894,11688.97690474659,11689.227155476896,4772.042311790851,4771.88304537524,512.293663525492,512.3538270574824
,,,,,,,0.25,,,,,,,,True,,,relaxation_1pct,,,,,,,,,,,,,,,r2_R2A_fixed_absolute_cap_core_0003_k100_repday_opt_base_with_storage_degradation_liion_4h_with_degradation_baseline_capfix0p25,r3b_007_node_grid_capacity_scale_capfix0p25,node_grid_capacity_scale,k100_0034|k100_0011|k100_0033|k100_0042|k100_0030,0.01,6.595777846292342,6.595777846292348,-6.217248937900877e-15,-9.426104218163969e-16,1.2068068389438946,1.2068068389438926,11688.97690474659,11688.976904746614,4772.042311790851,4772.042311790859,512.293663525492,512.2936635254915
,,,,,,,0.25,,,,,,,,True,,,relaxation_1pct,,,,,,,,,,,,,,,r2_R2A_fixed_absolute_cap_core_0003_k100_repday_opt_base_with_storage_degradation_liion_4h_with_degradation_baseline_capfix0p25,r3b_005_node_pv_potential_scale_capfix0p25,node_pv_potential_scale,k100_0084|k100_0069|k100_0029|k100_0003|k100_0035,0.01,6.595777846292342,6.591900028526746,0.0038778177655958,0.000588270111624,1.2068068389438946,1.206806838943894,11688.97690474659,11675.858448158386,4772.042311790851,4768.287805295186,512.293663525492,512.9546570730137
,,,,,,,0.25,,,,,,,,True,,,relaxation_1pct,,,,,,,,,,,,,,,r2_R2A_fixed_absolute_cap_core_0003_k100_repday_opt_base_with_storage_degradation_liion_4h_with_degradation_baseline_capfix0p25,r3b_006_node_wind_potential_scale_capfix0p25,node_wind_potential_scale,k100_0084|k100_0069|k100_0049|k100_0053|k100_0092,0.01,6.595777846292342,6.595143015843052,0.0006348304492904,9.625726807826e-05,1.2068068389438946,1.206806838943893,11688.97690474659,11685.807268886498,4772.042311790851,4771.02106291956,512.293663525492,512.8266035822729
