stress_window_type,stress_window_start,stress_window_end,window_hours,system_load_mwh,pv_potential_generation_mwh,wind_potential_generation_mwh,renewable_to_load_ratio,source_panel,source_run_id,validation_run_id,fixed_baseline_cap_ratio,cap_mode,cap_multiplier,annual_co2_cap_ton,stress_period_cap_ton_original,stress_period_cap_ton_used,stress_period_system_load_mwh,stress_period_load_share,actual_emissions_ton,cap_violation_ton,load_shedding_mwh,grid_import_mwh,peak_grid_import_mw,bess_throughput_mwh,pv_curtailment_mwh,wind_curtailment_mwh,is_valid_result,invalid_reason,solver_status,load_shedding_eliminated,carbon_cap_binding
peak_load_week,2017-01-13 09:00:00,2017-01-20 08:00:00,168.0,292218.425125,163133.91952634326,23751.950868055552,0.6395417069079613,windows,,,,,,,,,,,,,,,,,,,,,,,
renewable_scarcity_week,2017-01-30 17:00:00,2017-02-06 16:00:00,168.0,234427.4155,38910.32678971558,34803.066500757566,0.3144401568103844,windows,,,,,,,,,,,,,,,,,,,,,,,
high_pv_week,2017-02-18 13:00:00,2017-02-25 12:00:00,168.0,215381.460828125,217041.28077084792,18868.573189835854,1.095311792638181,windows,,,,,,,,,,,,,,,,,,,,,,,
peak_load_week,,,,,,,,relaxation,r3c_source_capfix0p25,r36a_capfix0p25_peak_load_week_prorated_cap_1p0,0.25,prorated_cap_1p0,1.0,1206806.8389438917,42829.03441505546,42829.03441505546,292218.425125,0.0354895522903535,42829.03441505547,7.275957614183426e-12,93540.50221126594,71644.42023261201,2092.469313448219,131808.3652532934,28811.81220000004,895.3378978279106,False,load_shedding,optimal,False,True
peak_load_week,,,,,,,,relaxation,r3c_source_capfix0p25,r36a_capfix0p25_peak_load_week_prorated_cap_1p25,0.25,prorated_cap_1p25,1.25,1206806.8389438917,42829.03441505546,53536.29301881933,292218.425125,0.0354895522903535,53536.29301881933,0.0,75629.39715311295,89555.52529076501,2528.7951985508207,131808.3652532934,28811.81220000004,895.3378978279106,False,load_shedding,optimal,False,True
peak_load_week,,,,,,,,relaxation,r3c_source_capfix0p25,r36a_capfix0p25_peak_load_week_prorated_cap_1p5,0.25,prorated_cap_1p5,1.5,1206806.8389438917,42829.03441505546,64243.55162258319,292218.425125,0.0354895522903535,64243.55162258314,0.0,57718.29209496005,107466.6303489179,2747.2482054173624,131808.3652532934,28811.81220000004,895.3378978279106,False,load_shedding,optimal,False,True
peak_load_week,,,,,,,,relaxation,r3c_source_capfix0p25,r36a_capfix0p25_peak_load_week_prorated_cap_2p0,0.25,prorated_cap_2p0,2.0,1206806.8389438917,42829.03441505546,85658.06883011092,292218.425125,0.0354895522903535,85658.06883011108,1.6007106751203534e-10,21896.08197865368,143288.84046522426,2747.2482054173624,131808.3652532934,28811.81220000004,895.3378978279106,False,load_shedding,optimal,False,True
peak_load_week,,,,,,,,relaxation,r3c_source_capfix0p25,r36a_capfix0p25_peak_load_week_no_carbon_cap,0.25,no_carbon_cap,,1206806.8389438917,42829.03441505546,,292218.425125,0.0354895522903535,100626.37227772376,0.0,0.0,168327.82247862793,3851.2005301921454,193135.2095211065,28811.98491562332,895.1651822046405,True,,optimal,True,False
renewable_scarcity_week,,,,,,,,relaxation,r3c_source_capfix0p25,r36a_capfix0p25_renewable_scarcity_week_prorated_cap_1p0,0.25,prorated_cap_1p0,1.0,1206806.8389438917,34358.88699347803,34358.88699347803,234427.4155,0.028470908421058,34358.88699347795,0.0,122575.5824398456,57475.555358778765,1916.293589298707,14781.821958463355,0.1946927978047599,0.0,False,load_shedding,optimal,False,True
renewable_scarcity_week,,,,,,,,relaxation,r3c_source_capfix0p25,r36a_capfix0p25_renewable_scarcity_week_prorated_cap_1p25,0.25,prorated_cap_1p25,1.25,1206806.8389438917,34358.88699347803,42948.608741847536,234427.4155,0.028470908421058,42948.60874184758,4.365574568510056e-11,108206.69360015064,71844.44419847372,1916.293589298707,14781.821958463355,0.1946927978047599,0.0,False,load_shedding,optimal,False,True
renewable_scarcity_week,,,,,,,,relaxation,r3c_source_capfix0p25,r36a_capfix0p25_renewable_scarcity_week_prorated_cap_1p5,0.25,prorated_cap_1p5,1.5,1206806.8389438917,34358.88699347803,51538.33049021705,234427.4155,0.028470908421058,51538.33049021724,1.8917489796876907e-10,93837.80476045568,86213.33303816867,1916.293589298707,14781.821958463355,0.1946927978047599,0.0,False,load_shedding,optimal,False,True
renewable_scarcity_week,,,,,,,,relaxation,r3c_source_capfix0p25,r36a_capfix0p25_renewable_scarcity_week_prorated_cap_2p0,0.25,prorated_cap_2p0,2.0,1206806.8389438917,34358.88699347803,68717.77398695606,234427.4155,0.028470908421058,68717.77398695626,2.0372681319713595e-10,65100.02708106621,114951.11071755816,1916.293589298707,14781.82195846336,0.1946927978047599,0.0,False,load_shedding,optimal,False,True
renewable_scarcity_week,,,,,,,,relaxation,r3c_source_capfix0p25,r36a_capfix0p25_renewable_scarcity_week_no_carbon_cap,0.25,no_carbon_cap,,1206806.8389438917,34358.88699347803,,234427.4155,0.028470908421058,112412.34077465524,0.0,0.0,188043.3937347864,3833.796840934827,170733.27753331585,0.1946927978047599,0.0,True,,optimal,True,False
high_pv_week,,,,,,,,relaxation,r3c_source_capfix0p25,r36a_capfix0p25_high_pv_week_prorated_cap_1p0,0.25,prorated_cap_1p0,1.0,1206806.8389438917,31567.413978864468,31567.413978864468,215381.460828125,0.0261578016963261,31567.413978864475,7.275957614183426e-12,36157.072182110365,52805.97855280108,1959.671891202673,163625.35699736778,73399.24139837622,2267.8408573121483,False,load_shedding,optimal,False,True
high_pv_week,,,,,,,,relaxation,r3c_source_capfix0p25,r36a_capfix0p25_high_pv_week_prorated_cap_1p25,0.25,prorated_cap_1p25,1.25,1206806.8389438917,31567.413978864468,39459.267473580585,215381.460828125,0.0261578016963261,39459.26747358056,0.0,22955.577543910174,66007.47319100125,2102.689695667388,163625.35699736778,73399.24139837622,2267.8408573121483,False,load_shedding,optimal,False,True
high_pv_week,,,,,,,,relaxation,r3c_source_capfix0p25,r36a_capfix0p25_high_pv_week_prorated_cap_1p5,0.25,prorated_cap_1p5,1.5,1206806.8389438917,31567.413978864468,47351.1209682967,215381.460828125,0.0261578016963261,47351.12096829678,8.003553375601767e-11,9754.08290570971,79208.96782920172,2219.548306748088,163625.3569973678,73399.24139837622,2267.8408573121483,False,load_shedding,optimal,False,True
high_pv_week,,,,,,,,relaxation,r3c_source_capfix0p25,r36a_capfix0p25_high_pv_week_prorated_cap_2p0,0.25,prorated_cap_2p0,2.0,1206806.8389438917,31567.413978864468,63134.827957728936,215381.460828125,0.0261578016963261,53496.14460623625,0.0,0.0,89488.3650154504,3248.107977164874,173875.72026634612,73399.24139837622,2267.8408573121483,True,,optimal,True,True
high_pv_week,,,,,,,,relaxation,r3c_source_capfix0p25,r36a_capfix0p25_high_pv_week_no_carbon_cap,0.25,no_carbon_cap,,1206806.8389438917,31567.413978864468,,215381.460828125,0.0261578016963261,53496.14460623625,0.0,0.0,89488.3650154504,3593.5937620626714,173875.72026634612,73400.06552254611,2267.016733142257,True,,optimal,True,False
peak_load_week,,,,,,,,relaxation,r3c_source_capfix0p14,r36a_capfix0p14_peak_load_week_prorated_cap_1p0,0.14,prorated_cap_1p0,1.0,675811.8298085793,23984.259272431053,23984.259272431053,292218.425125,0.0354895522903535,23984.259272431056,3.637978807091713e-12,83661.61444856097,40120.87533026272,1555.762773647551,207146.76624030244,4236.048698504228,211.17272574588583,False,load_shedding,optimal,False,True
peak_load_week,,,,,,,,relaxation,r3c_source_capfix0p14,r36a_capfix0p14_peak_load_week_prorated_cap_1p25,0.14,prorated_cap_1p25,1.25,675811.8298085793,23984.259272431053,29980.324090538816,292218.425125,0.0354895522903535,29980.32409053877,0.0,73631.39561599535,50151.09416282832,1697.6931066279135,207146.76624030244,4236.048698504228,211.17272574588583,False,load_shedding,optimal,False,True
peak_load_week,,,,,,,,relaxation,r3c_source_capfix0p14,r36a_capfix0p14_peak_load_week_prorated_cap_1p5,0.14,prorated_cap_1p5,1.5,675811.8298085793,23984.259272431053,35976.38890864658,292218.425125,0.0354895522903535,35976.38890864647,0.0,63601.176783429786,60181.31299539389,2044.8389606436367,207146.76624030244,4236.048698504228,211.17272574588583,False,load_shedding,optimal,False,True
peak_load_week,,,,,,,,relaxation,r3c_source_capfix0p14,r36a_capfix0p14_peak_load_week_prorated_cap_2p0,0.14,prorated_cap_2p0,2.0,675811.8298085793,23984.259272431053,47968.518544862105,292218.425125,0.0354895522903535,47968.51854486205,0.0,43540.73911829833,80241.75066052536,2278.090148878736,207146.76624030244,4236.048698504228,211.17272574588583,False,load_shedding,optimal,False,True
peak_load_week,,,,,,,,relaxation,r3c_source_capfix0p14,r36a_capfix0p14_peak_load_week_no_carbon_cap,0.14,no_carbon_cap,,675811.8298085793,23984.259272431053,,292218.425125,0.0354895522903535,75689.51296284329,0.0,0.0,126613.43754239431,3345.815275978,262386.5418320265,4291.691976599937,155.5294476501759,True,,optimal,True,False
renewable_scarcity_week,,,,,,,,relaxation,r3c_source_capfix0p14,r36a_capfix0p14_renewable_scarcity_week_prorated_cap_1p0,0.14,prorated_cap_1p0,1.0,675811.8298085793,19240.976716347697,19240.976716347697,234427.4155,0.028470908421058,19240.976716347694,0.0,133137.84967248,32186.31100091619,1886.69963094223,25049.679961956783,36.45588710781895,332.57573887941834,False,load_shedding,optimal,False,True
renewable_scarcity_week,,,,,,,,relaxation,r3c_source_capfix0p14,r36a_capfix0p14_renewable_scarcity_week_prorated_cap_1p25,0.14,prorated_cap_1p25,1.25,675811.8298085793,19240.976716347697,24051.22089543462,234427.4155,0.028470908421058,24051.22089543457,0.0,125091.27192225102,40232.88875114515,1886.69963094223,25049.679961956783,36.45588710781895,332.57573887941834,False,load_shedding,optimal,False,True
renewable_scarcity_week,,,,,,,,relaxation,r3c_source_capfix0p14,r36a_capfix0p14_renewable_scarcity_week_prorated_cap_1p5,0.14,prorated_cap_1p5,1.5,675811.8298085793,19240.976716347697,28861.465074521548,234427.4155,0.028470908421058,28861.465074521493,0.0,117044.694172022,48279.4665013742,1886.69963094223,25049.679961956783,36.45588710781895,332.57573887941834,False,load_shedding,optimal,False,True
renewable_scarcity_week,,,,,,,,relaxation,r3c_source_capfix0p14,r36a_capfix0p14_renewable_scarcity_week_prorated_cap_2p0,0.14,prorated_cap_2p0,2.0,675811.8298085793,19240.976716347697,38481.953432695394,234427.4155,0.028470908421058,38481.95343269534,0.0,100951.53867156387,64372.62200183231,1886.69963094223,25049.679961956783,36.45588710781895,332.57573887941834,False,load_shedding,optimal,False,True
renewable_scarcity_week,,,,,,,,relaxation,r3c_source_capfix0p14,r36a_capfix0p14_renewable_scarcity_week_no_carbon_cap,0.14,no_carbon_cap,,675811.8298085793,19240.976716347697,,234427.4155,0.028470908421058,104793.42857781785,0.0,0.0,175298.4753727297,3843.5722836304567,219676.69242843945,32.93344228782016,336.0981836994172,True,,optimal,True,False
high_pv_week,,,,,,,,relaxation,r3c_source_capfix0p14,r36a_capfix0p14_high_pv_week_prorated_cap_1p0,0.14,prorated_cap_1p0,1.0,675811.8298085793,17677.7518281641,17677.7518281641,215381.460828125,0.0261578016963261,17677.751828164117,1.8189894035458565e-11,1477.206985954245,29571.34798956861,1098.3968175597254,277050.83534101554,33318.46545872187,493.4144692270715,False,load_shedding,optimal,False,True
high_pv_week,,,,,,,,relaxation,r3c_source_capfix0p14,r36a_capfix0p14_high_pv_week_prorated_cap_1p25,0.14,prorated_cap_1p25,1.25,675811.8298085793,17677.7518281641,22097.18978520512,215381.460828125,0.0261578016963261,18690.70634678589,0.0,0.0,31265.818579434403,1246.2569267016495,281290.26104811,33318.46545872187,493.4144692270715,True,,optimal,True,True
high_pv_week,,,,,,,,relaxation,r3c_source_capfix0p14,r36a_capfix0p14_high_pv_week_prorated_cap_1p5,0.14,prorated_cap_1p5,1.5,675811.8298085793,17677.7518281641,26516.62774224615,215381.460828125,0.0261578016963261,18690.70634678589,0.0,0.0,31265.818579434403,1246.2569267016495,281290.26104811,33318.46545872187,493.4144692270715,True,,optimal,True,True
high_pv_week,,,,,,,,relaxation,r3c_source_capfix0p14,r36a_capfix0p14_high_pv_week_prorated_cap_2p0,0.14,prorated_cap_2p0,2.0,675811.8298085793,17677.7518281641,35355.5036563282,215381.460828125,0.0261578016963261,18690.70634678589,0.0,0.0,31265.818579434403,1246.2569267016495,281290.26104811,33318.46545872187,493.4144692270715,True,,optimal,True,True
high_pv_week,,,,,,,,relaxation,r3c_source_capfix0p14,r36a_capfix0p14_high_pv_week_no_carbon_cap,0.14,no_carbon_cap,,675811.8298085793,17677.7518281641,,215381.460828125,0.0261578016963261,18690.70634678589,0.0,0.0,31265.818579434403,1266.4472971270718,281290.26104811,33399.91143089716,411.9684970517807,True,,optimal,True,False
