experiment_id,run_id,r2_family,technology_set,grid_carbon_scenario,spatial_resolution,network_mode,fixed_baseline_cap_ratio,co2_cap_mt,actual_emissions_mt,total_system_cost_billion_cny,dual_MAC_CNY_per_tCO2,dual_shadow_price_raw,co2_cap_slack,co2_cap_is_binding,is_valid_result,invalid_reason
R2A_fixed_absolute_cap_core,r2_R2A_fixed_absolute_cap_core_0001_k100_repday_opt_base_with_storage_degradation_liion_4h_with_degradation_baseline_capfix1p00,R2A_fixed_absolute_cap_core,base_with_storage_degradation,baseline,k100,node_interface,1.0,4.827227355775566,2.4115649555168153,5.212000088506674,,-0.0,2415662.400258756,False,True,
R2A_fixed_absolute_cap_core,r2_R2A_fixed_absolute_cap_core_0002_k100_repday_opt_base_with_storage_degradation_liion_4h_with_degradation_baseline_capfix0p40,R2A_fixed_absolute_cap_core,base_with_storage_degradation,baseline,k100,node_interface,0.4,1.9308909423102263,1.9308909423102258,5.3709271833666525,850.3233316789649,-850.3233316789649,0.0,True,True,
R2A_fixed_absolute_cap_core,r2_R2A_fixed_absolute_cap_core_0003_k100_repday_opt_base_with_storage_degradation_liion_4h_with_degradation_baseline_capfix0p25,R2A_fixed_absolute_cap_core,base_with_storage_degradation,baseline,k100,node_interface,0.25,1.2068068389438917,1.2068068389438946,6.595777846292342,2773.3567110555005,-2773.3567110555005,0.0,True,True,
R2A_fixed_absolute_cap_core,r2_R2A_fixed_absolute_cap_core_0004_k100_repday_opt_base_with_storage_degradation_liion_4h_with_degradation_baseline_capfix0p15,R2A_fixed_absolute_cap_core,base_with_storage_degradation,baseline,k100,node_interface,0.15,0.7240841033663348,0.7240841033663363,10.082958321037948,12785.179159774192,-12785.179159774192,0.0,True,True,
R2A_fixed_absolute_cap_core,r2_R2A_fixed_absolute_cap_core_0005_k100_repday_opt_base_with_storage_degradation_liion_4h_with_degradation_baseline_capfix0p14,R2A_fixed_absolute_cap_core,base_with_storage_degradation,baseline,k100,node_interface,0.14,0.6758118298085793,0.6758118298085811,10.722882634181012,13304.350744154934,-13304.350744154934,0.0,True,True,
R2A_fixed_absolute_cap_core,r2_R2A_fixed_absolute_cap_core_0006_k100_repday_opt_base_with_storage_degradation_liion_4h_with_degradation_2030_capfix1p00,R2A_fixed_absolute_cap_core,base_with_storage_degradation,2030,k100,node_interface,1.0,4.827227355775566,1.9363519214588008,5.212000088506674,,-0.0,2890875.4343167674,False,True,
R2A_fixed_absolute_cap_core,r2_R2A_fixed_absolute_cap_core_0007_k100_repday_opt_base_with_storage_degradation_liion_4h_with_degradation_2030_capfix0p40,R2A_fixed_absolute_cap_core,base_with_storage_degradation,2030,k100,node_interface,0.4,1.9308909423102263,1.930890942310224,5.212039551873593,10.838327045949743,-10.838327045949743,0.0,True,True,
R2A_fixed_absolute_cap_core,r2_R2A_fixed_absolute_cap_core_0008_k100_repday_opt_base_with_storage_degradation_liion_4h_with_degradation_2030_capfix0p25,R2A_fixed_absolute_cap_core,base_with_storage_degradation,2030,k100,node_interface,0.25,1.2068068389438917,1.2068068389438944,5.887374624141579,2122.90481837734,-2122.90481837734,0.0,True,True,
R2A_fixed_absolute_cap_core,r2_R2A_fixed_absolute_cap_core_0009_k100_repday_opt_base_with_storage_degradation_liion_4h_with_degradation_2030_capfix0p15,R2A_fixed_absolute_cap_core,base_with_storage_degradation,2030,k100,node_interface,0.15,0.7240841033663348,0.7240841033663356,7.922566685601943,10491.807049488643,-10491.807049488643,0.0,True,True,
R2A_fixed_absolute_cap_core,r2_R2A_fixed_absolute_cap_core_0010_k100_repday_opt_base_with_storage_degradation_liion_4h_with_degradation_2030_capfix0p14,R2A_fixed_absolute_cap_core,base_with_storage_degradation,2030,k100,node_interface,0.14,0.6758118298085793,0.6758118298085791,8.591100882139123,15256.933725632827,-15256.933725632827,0.0,True,True,
R2A_fixed_absolute_cap_core,r2_R2A_fixed_absolute_cap_core_0011_k100_repday_opt_base_with_storage_degradation_liion_4h_with_degradation_2050_capfix1p00,R2A_fixed_absolute_cap_core,base_with_storage_degradation,2050,k100,node_interface,1.0,4.827227355775566,0.4840879803647002,5.212000088506674,,-0.0,4343139.375410866,False,True,
R2A_fixed_absolute_cap_core,r2_R2A_fixed_absolute_cap_core_0012_k100_repday_opt_base_with_storage_degradation_liion_4h_with_degradation_2050_capfix0p40,R2A_fixed_absolute_cap_core,base_with_storage_degradation,2050,k100,node_interface,0.4,1.9308909423102263,0.4840879803647002,5.212000088506674,,-0.0,1446802.9619455268,False,True,
R2A_fixed_absolute_cap_core,r2_R2A_fixed_absolute_cap_core_0013_k100_repday_opt_base_with_storage_degradation_liion_4h_with_degradation_2050_capfix0p25,R2A_fixed_absolute_cap_core,base_with_storage_degradation,2050,k100,node_interface,0.25,1.2068068389438917,0.4840879803647002,5.212000088506674,,-0.0,722718.8585791918,False,True,
R2A_fixed_absolute_cap_core,r2_R2A_fixed_absolute_cap_core_0014_k100_repday_opt_base_with_storage_degradation_liion_4h_with_degradation_2050_capfix0p15,R2A_fixed_absolute_cap_core,base_with_storage_degradation,2050,k100,node_interface,0.15,0.7240841033663348,0.4840879803647002,5.212000088506674,,-0.0,239996.12300163516,False,True,
R2A_fixed_absolute_cap_core,r2_R2A_fixed_absolute_cap_core_0015_k100_repday_opt_base_with_storage_degradation_liion_4h_with_degradation_2050_capfix0p14,R2A_fixed_absolute_cap_core,base_with_storage_degradation,2050,k100,node_interface,0.14,0.6758118298085793,0.4840879803647002,5.212000088506674,,-0.0,191723.8494438796,False,True,
R2B_storage_calendar_sensitivity,r2_R2B_storage_calendar_sensitivity_0016_k100_repday_opt_base_with_storage_degradation_legacy_no_degradation_baseline_capfix1p00,R2B_storage_calendar_sensitivity,base_with_storage_degradation,baseline,k100,node_interface,1.0,4.827227355775566,2.3383813410992813,5.02384703967482,,-0.0,2488846.0146762813,False,True,
R2B_storage_calendar_sensitivity,r2_R2B_storage_calendar_sensitivity_0017_k100_repday_opt_base_with_storage_degradation_legacy_no_degradation_baseline_capfix0p40,R2B_storage_calendar_sensitivity,base_with_storage_degradation,baseline,k100,node_interface,0.4,1.9308909423102263,1.930890942310221,5.113270562280665,619.8668165067136,-619.8668165067136,0.0,True,True,
R2B_storage_calendar_sensitivity,r2_R2B_storage_calendar_sensitivity_0018_k100_repday_opt_base_with_storage_degradation_legacy_no_degradation_baseline_capfix0p25,R2B_storage_calendar_sensitivity,base_with_storage_degradation,baseline,k100,node_interface,0.25,1.2068068389438917,1.206806838943891,6.1562182691001635,2568.7622590302853,-2568.7622590302853,0.0,True,True,
R2B_storage_calendar_sensitivity,r2_R2B_storage_calendar_sensitivity_0019_k100_repday_opt_base_with_storage_degradation_legacy_no_degradation_baseline_capfix0p15,R2B_storage_calendar_sensitivity,base_with_storage_degradation,baseline,k100,node_interface,0.15,0.7240841033663348,0.7240841033663367,9.42111664835506,11692.40140413566,-11692.40140413566,0.0,True,True,
R2B_storage_calendar_sensitivity,r2_R2B_storage_calendar_sensitivity_0020_k100_repday_opt_base_with_storage_degradation_legacy_no_degradation_baseline_capfix0p14,R2B_storage_calendar_sensitivity,base_with_storage_degradation,baseline,k100,node_interface,0.14,0.6758118298085793,0.6758118298085808,10.010773979752129,15063.4132195795,-15063.4132195795,0.0,True,True,
R2B_storage_calendar_sensitivity,r2_R2B_storage_calendar_sensitivity_0021_k100_repday_opt_base_with_storage_degradation_liion_4h_throughput_only_baseline_capfix1p00,R2B_storage_calendar_sensitivity,base_with_storage_degradation,baseline,k100,node_interface,1.0,4.827227355775566,2.3609681029713454,5.175561119958105,,-0.0,2466259.2528042225,False,True,
R2B_storage_calendar_sensitivity,r2_R2B_storage_calendar_sensitivity_0022_k100_repday_opt_base_with_storage_degradation_liion_4h_throughput_only_baseline_capfix0p40,R2B_storage_calendar_sensitivity,base_with_storage_degradation,baseline,k100,node_interface,0.4,1.9308909423102263,1.930890942310223,5.310483622061987,764.0162743389943,-764.0162743389943,0.0,True,True,
R2B_storage_calendar_sensitivity,r2_R2B_storage_calendar_sensitivity_0023_k100_repday_opt_base_with_storage_degradation_liion_4h_throughput_only_baseline_capfix0p25,R2B_storage_calendar_sensitivity,base_with_storage_degradation,baseline,k100,node_interface,0.25,1.2068068389438917,1.2068068389438953,6.45542086437052,2634.013009898169,-2634.013009898169,0.0,True,True,
R2B_storage_calendar_sensitivity,r2_R2B_storage_calendar_sensitivity_0024_k100_repday_opt_base_with_storage_degradation_liion_4h_throughput_only_baseline_capfix0p15,R2B_storage_calendar_sensitivity,base_with_storage_degradation,baseline,k100,node_interface,0.15,0.7240841033663348,0.7240841033663369,9.745520128368337,12002.582543330662,-12002.582543330662,0.0,True,True,
R2B_storage_calendar_sensitivity,r2_R2B_storage_calendar_sensitivity_0025_k100_repday_opt_base_with_storage_degradation_liion_4h_throughput_only_baseline_capfix0p14,R2B_storage_calendar_sensitivity,base_with_storage_degradation,baseline,k100,node_interface,0.14,0.6758118298085793,0.6758118298085808,10.347465816971267,12491.654257848191,-12491.654257848191,0.0,True,True,
R2B_storage_calendar_sensitivity,r2_R2B_storage_calendar_sensitivity_0026_k100_repday_opt_base_with_storage_degradation_liion_4h_calendar_low_baseline_capfix1p00,R2B_storage_calendar_sensitivity,base_with_storage_degradation,baseline,k100,node_interface,1.0,4.827227355775566,2.3945292911707305,5.194153559572136,,-0.0,2432698.0646048286,False,True,
R2B_storage_calendar_sensitivity,r2_R2B_storage_calendar_sensitivity_0027_k100_repday_opt_base_with_storage_degradation_liion_4h_calendar_low_baseline_capfix0p40,R2B_storage_calendar_sensitivity,base_with_storage_degradation,baseline,k100,node_interface,0.4,1.9308909423102263,1.9308909423102225,5.340788763023512,818.331838648334,-818.331838648334,0.0,True,True,
R2B_storage_calendar_sensitivity,r2_R2B_storage_calendar_sensitivity_0028_k100_repday_opt_base_with_storage_degradation_liion_4h_calendar_low_baseline_capfix0p25,R2B_storage_calendar_sensitivity,base_with_storage_degradation,baseline,k100,node_interface,0.25,1.2068068389438917,1.2068068389438944,6.525614889641329,2703.684860476835,-2703.684860476835,0.0,True,True,
R2B_storage_calendar_sensitivity,r2_R2B_storage_calendar_sensitivity_0029_k100_repday_opt_base_with_storage_degradation_liion_4h_calendar_low_baseline_capfix0p15,R2B_storage_calendar_sensitivity,base_with_storage_degradation,baseline,k100,node_interface,0.15,0.7240841033663348,0.7240841033663369,9.914584828204921,12393.880851552429,-12393.880851552429,0.0,True,True,
R2B_storage_calendar_sensitivity,r2_R2B_storage_calendar_sensitivity_0030_k100_repday_opt_base_with_storage_degradation_liion_4h_calendar_low_baseline_capfix0p14,R2B_storage_calendar_sensitivity,base_with_storage_degradation,baseline,k100,node_interface,0.14,0.6758118298085793,0.6758118298085807,10.53520547441632,12898.002501001563,-12898.002501001563,0.0,True,True,
R2B_storage_calendar_sensitivity,r2_R2B_storage_calendar_sensitivity_0031_k100_repday_opt_base_with_storage_degradation_liion_4h_calendar_mid_baseline_capfix1p00,R2B_storage_calendar_sensitivity,base_with_storage_degradation,baseline,k100,node_interface,1.0,4.827227355775566,2.4115649555168153,5.212000088506674,,-0.0,2415662.400258756,False,True,
R2B_storage_calendar_sensitivity,r2_R2B_storage_calendar_sensitivity_0032_k100_repday_opt_base_with_storage_degradation_liion_4h_calendar_mid_baseline_capfix0p40,R2B_storage_calendar_sensitivity,base_with_storage_degradation,baseline,k100,node_interface,0.4,1.9308909423102263,1.9308909423102258,5.3709271833666525,850.3233316789649,-850.3233316789649,0.0,True,True,
R2B_storage_calendar_sensitivity,r2_R2B_storage_calendar_sensitivity_0033_k100_repday_opt_base_with_storage_degradation_liion_4h_calendar_mid_baseline_capfix0p25,R2B_storage_calendar_sensitivity,base_with_storage_degradation,baseline,k100,node_interface,0.25,1.2068068389438917,1.2068068389438946,6.595777846292342,2773.3567110555005,-2773.3567110555005,0.0,True,True,
R2B_storage_calendar_sensitivity,r2_R2B_storage_calendar_sensitivity_0034_k100_repday_opt_base_with_storage_degradation_liion_4h_calendar_mid_baseline_capfix0p15,R2B_storage_calendar_sensitivity,base_with_storage_degradation,baseline,k100,node_interface,0.15,0.7240841033663348,0.7240841033663363,10.082958321037948,12785.179159774192,-12785.179159774192,0.0,True,True,
R2B_storage_calendar_sensitivity,r2_R2B_storage_calendar_sensitivity_0035_k100_repday_opt_base_with_storage_degradation_liion_4h_calendar_mid_baseline_capfix0p14,R2B_storage_calendar_sensitivity,base_with_storage_degradation,baseline,k100,node_interface,0.14,0.6758118298085793,0.6758118298085811,10.722882634181012,13304.350744154934,-13304.350744154934,0.0,True,True,
R2B_storage_calendar_sensitivity,r2_R2B_storage_calendar_sensitivity_0036_k100_repday_opt_base_with_storage_degradation_liion_4h_calendar_high_baseline_capfix1p00,R2B_storage_calendar_sensitivity,base_with_storage_degradation,baseline,k100,node_interface,1.0,4.827227355775566,2.435000193266177,5.246490241115549,,-0.0,2392227.1625093864,False,True,
R2B_storage_calendar_sensitivity,r2_R2B_storage_calendar_sensitivity_0037_k100_repday_opt_base_with_storage_degradation_liion_4h_calendar_high_baseline_capfix0p40,R2B_storage_calendar_sensitivity,base_with_storage_degradation,baseline,k100,node_interface,0.4,1.9308909423102263,1.930890942310227,5.430483099919084,931.7036527641606,-931.7036527641606,0.0,True,True,
R2B_storage_calendar_sensitivity,r2_R2B_storage_calendar_sensitivity_0038_k100_repday_opt_base_with_storage_degradation_liion_4h_calendar_high_baseline_capfix0p25,R2B_storage_calendar_sensitivity,base_with_storage_degradation,baseline,k100,node_interface,0.25,1.2068068389438917,1.2068068389438944,6.736045563213276,2912.7004122128305,-2912.7004122128305,0.0,True,True,
R2B_storage_calendar_sensitivity,r2_R2B_storage_calendar_sensitivity_0039_k100_repday_opt_base_with_storage_degradation_liion_4h_calendar_high_baseline_capfix0p15,R2B_storage_calendar_sensitivity,base_with_storage_degradation,baseline,k100,node_interface,0.15,0.7240841033663348,0.7240841033663376,10.41909175515956,13585.765865456657,-13585.765865456657,0.0,True,True,
R2B_storage_calendar_sensitivity,r2_R2B_storage_calendar_sensitivity_0040_k100_repday_opt_base_with_storage_degradation_liion_4h_calendar_high_baseline_capfix0p14,R2B_storage_calendar_sensitivity,base_with_storage_degradation,baseline,k100,node_interface,0.14,0.6758118298085793,0.6758118298085809,11.09811153825495,14117.047230461676,-14117.047230461676,0.0,True,True,
R2B_storage_calendar_sensitivity,r2_R2B_storage_calendar_sensitivity_0041_k100_repday_opt_base_with_storage_degradation_liion_8h_calendar_mid_baseline_capfix1p00,R2B_storage_calendar_sensitivity,base_with_storage_degradation,baseline,k100,node_interface,1.0,4.827227355775566,2.411623880647965,5.211931051788132,,-0.0,2415603.4751275987,False,True,
R2B_storage_calendar_sensitivity,r2_R2B_storage_calendar_sensitivity_0042_k100_repday_opt_base_with_storage_degradation_liion_8h_calendar_mid_baseline_capfix0p40,R2B_storage_calendar_sensitivity,base_with_storage_degradation,baseline,k100,node_interface,0.4,1.9308909423102263,1.9308909423102212,5.3678985308816545,833.3677376766675,-833.3677376766675,0.0,True,True,
R2B_storage_calendar_sensitivity,r2_R2B_storage_calendar_sensitivity_0043_k100_repday_opt_base_with_storage_degradation_liion_8h_calendar_mid_baseline_capfix0p25,R2B_storage_calendar_sensitivity,base_with_storage_degradation,baseline,k100,node_interface,0.25,1.2068068389438917,1.2068068389438924,6.540284846699167,2681.609907280936,-2681.609907280936,0.0,True,True,
R2B_storage_calendar_sensitivity,r2_R2B_storage_calendar_sensitivity_0044_k100_repday_opt_base_with_storage_degradation_liion_8h_calendar_mid_baseline_capfix0p15,R2B_storage_calendar_sensitivity,base_with_storage_degradation,baseline,k100,node_interface,0.15,0.7240841033663348,0.7240841033663368,9.757172280367392,11989.996428628869,-11989.996428628869,0.0,True,True,
R2B_storage_calendar_sensitivity,r2_R2B_storage_calendar_sensitivity_0045_k100_repday_opt_base_with_storage_degradation_liion_8h_calendar_mid_baseline_capfix0p14,R2B_storage_calendar_sensitivity,base_with_storage_degradation,baseline,k100,node_interface,0.14,0.6758118298085793,0.6758118298085807,10.357386020747084,12482.869039464264,-12482.869039464264,0.0,True,True,
R2B_storage_calendar_sensitivity,r2_R2B_storage_calendar_sensitivity_0046_k100_repday_opt_base_with_storage_degradation_liion_8h_LDES_calendar_mid_baseline_capfix1p00,R2B_storage_calendar_sensitivity,base_with_storage_degradation,baseline,k100,node_interface,1.0,4.827227355775566,2.199131926832569,4.249646784463997,,-0.0,2628095.4289429984,False,True,
R2B_storage_calendar_sensitivity,r2_R2B_storage_calendar_sensitivity_0047_k100_repday_opt_base_with_storage_degradation_liion_8h_LDES_calendar_mid_baseline_capfix0p40,R2B_storage_calendar_sensitivity,base_with_storage_degradation,baseline,k100,node_interface,0.4,1.9308909423102263,1.930890942310228,4.278827816867857,232.2212717645776,-232.2212717645776,0.0,True,True,
R2B_storage_calendar_sensitivity,r2_R2B_storage_calendar_sensitivity_0048_k100_repday_opt_base_with_storage_degradation_liion_8h_LDES_calendar_mid_baseline_capfix0p25,R2B_storage_calendar_sensitivity,base_with_storage_degradation,baseline,k100,node_interface,0.25,1.2068068389438917,1.20680683894389,4.57413469164518,593.8380795792035,-593.8380795792035,0.0,True,True,
R2B_storage_calendar_sensitivity,r2_R2B_storage_calendar_sensitivity_0049_k100_repday_opt_base_with_storage_degradation_liion_8h_LDES_calendar_mid_baseline_capfix0p15,R2B_storage_calendar_sensitivity,base_with_storage_degradation,baseline,k100,node_interface,0.15,0.7240841033663348,0.7240841033663354,6.6522202247737905,14234.479365286716,-14234.479365286716,0.0,True,True,
R2B_storage_calendar_sensitivity,r2_R2B_storage_calendar_sensitivity_0050_k100_repday_opt_base_with_storage_degradation_liion_8h_LDES_calendar_mid_baseline_capfix0p14,R2B_storage_calendar_sensitivity,base_with_storage_degradation,baseline,k100,node_interface,0.14,0.6758118298085793,0.6758118298085806,8.079650952855976,46085.803633736,-46085.803633736,0.0,True,True,
R2C_flexibility_ablation_ramped,r2_R2C_flexibility_ablation_ramped_0051_k100_repday_opt_base_with_storage_degradation_liion_4h_with_degradation_baseline_capfix0p40,R2C_flexibility_ablation_ramped,base_with_storage_degradation,baseline,k100,node_interface,0.4,1.9308909423102263,1.9308909423102258,5.3709271833666525,850.3233316789649,-850.3233316789649,0.0,True,True,
R2C_flexibility_ablation_ramped,r2_R2C_flexibility_ablation_ramped_0052_k100_repday_opt_base_with_storage_degradation_liion_4h_with_degradation_baseline_capfix0p25,R2C_flexibility_ablation_ramped,base_with_storage_degradation,baseline,k100,node_interface,0.25,1.2068068389438917,1.2068068389438946,6.595777846292342,2773.3567110555005,-2773.3567110555005,0.0,True,True,
R2C_flexibility_ablation_ramped,r2_R2C_flexibility_ablation_ramped_0053_k100_repday_opt_base_with_storage_degradation_liion_4h_with_degradation_baseline_capfix0p15,R2C_flexibility_ablation_ramped,base_with_storage_degradation,baseline,k100,node_interface,0.15,0.7240841033663348,0.7240841033663363,10.082958321037948,12785.179159774192,-12785.179159774192,0.0,True,True,
R2C_flexibility_ablation_ramped,r2_R2C_flexibility_ablation_ramped_0054_k100_repday_opt_base_with_storage_degradation_liion_4h_with_degradation_baseline_capfix0p14,R2C_flexibility_ablation_ramped,base_with_storage_degradation,baseline,k100,node_interface,0.14,0.6758118298085793,0.6758118298085811,10.722882634181012,13304.350744154934,-13304.350744154934,0.0,True,True,
R2C_flexibility_ablation_ramped,r2_R2C_flexibility_ablation_ramped_0055_k100_repday_opt_base_with_DR10_liion_4h_with_degradation_baseline_capfix0p40,R2C_flexibility_ablation_ramped,base_with_DR10,baseline,k100,node_interface,0.4,1.9308909423102263,1.930890942310224,5.326101745358302,874.9198406398381,-874.9198406398381,0.0,True,True,
R2C_flexibility_ablation_ramped,r2_R2C_flexibility_ablation_ramped_0056_k100_repday_opt_base_with_DR10_liion_4h_with_degradation_baseline_capfix0p25,R2C_flexibility_ablation_ramped,base_with_DR10,baseline,k100,node_interface,0.25,1.2068068389438917,1.2068068389438917,6.562556693374723,2799.486419222154,-2799.486419222154,0.0,True,True,
R2C_flexibility_ablation_ramped,r2_R2C_flexibility_ablation_ramped_0057_k100_repday_opt_base_with_DR10_liion_4h_with_degradation_baseline_capfix0p15,R2C_flexibility_ablation_ramped,base_with_DR10,baseline,k100,node_interface,0.15,0.7240841033663348,0.7240841033663343,10.045913757638129,12785.179159774192,-12785.179159774192,0.0,True,True,
R2C_flexibility_ablation_ramped,r2_R2C_flexibility_ablation_ramped_0058_k100_repday_opt_base_with_DR10_liion_4h_with_degradation_baseline_capfix0p14,R2C_flexibility_ablation_ramped,base_with_DR10,baseline,k100,node_interface,0.14,0.6758118298085793,0.6758118298085781,10.68666938549897,13304.350744154934,-13304.350744154934,0.0,True,True,
R2C_flexibility_ablation_ramped,r2_R2C_flexibility_ablation_ramped_0059_k100_repday_opt_base_with_thermal10_liion_4h_with_degradation_baseline_capfix0p40,R2C_flexibility_ablation_ramped,base_with_thermal10,baseline,k100,node_interface,0.4,1.9308909423102263,1.930890942310223,5.324589860804153,876.553951840456,-876.553951840456,0.0,True,True,
R2C_flexibility_ablation_ramped,r2_R2C_flexibility_ablation_ramped_0060_k100_repday_opt_base_with_thermal10_liion_4h_with_degradation_baseline_capfix0p25,R2C_flexibility_ablation_ramped,base_with_thermal10,baseline,k100,node_interface,0.25,1.2068068389438917,1.2068068389438917,6.561675245674621,2799.7580379300043,-2799.7580379300043,0.0,True,True,
R2C_flexibility_ablation_ramped,r2_R2C_flexibility_ablation_ramped_0061_k100_repday_opt_base_with_thermal10_liion_4h_with_degradation_baseline_capfix0p15,R2C_flexibility_ablation_ramped,base_with_thermal10,baseline,k100,node_interface,0.15,0.7240841033663348,0.7240841033663346,10.045108380004171,12785.179159774192,-12785.179159774192,0.0,True,True,
R2C_flexibility_ablation_ramped,r2_R2C_flexibility_ablation_ramped_0062_k100_repday_opt_base_with_thermal10_liion_4h_with_degradation_baseline_capfix0p14,R2C_flexibility_ablation_ramped,base_with_thermal10,baseline,k100,node_interface,0.14,0.6758118298085793,0.6758118298085781,10.685908460351916,13304.350744154934,-13304.350744154934,0.0,True,True,
R2C_flexibility_ablation_ramped,r2_R2C_flexibility_ablation_ramped_0063_k100_repday_opt_base_with_DR10_thermal10_liion_4h_with_degradation_baseline_capfix0p40,R2C_flexibility_ablation_ramped,base_with_DR10_thermal10,baseline,k100,node_interface,0.4,1.9308909423102263,1.9308909423102296,5.284449586731056,884.2628731469218,-884.2628731469218,0.0,True,True,
R2C_flexibility_ablation_ramped,r2_R2C_flexibility_ablation_ramped_0064_k100_repday_opt_base_with_DR10_thermal10_liion_4h_with_degradation_baseline_capfix0p25,R2C_flexibility_ablation_ramped,base_with_DR10_thermal10,baseline,k100,node_interface,0.25,1.2068068389438917,1.206806838943896,6.532374750773085,2801.839914361703,-2801.839914361703,0.0,True,True,
R2C_flexibility_ablation_ramped,r2_R2C_flexibility_ablation_ramped_0065_k100_repday_opt_base_with_DR10_thermal10_liion_4h_with_degradation_baseline_capfix0p15,R2C_flexibility_ablation_ramped,base_with_DR10_thermal10,baseline,k100,node_interface,0.15,0.7240841033663348,0.7240841033663362,10.012881510926652,13154.643496677376,-13154.643496677376,0.0,True,True,
R2C_flexibility_ablation_ramped,r2_R2C_flexibility_ablation_ramped_0066_k100_repday_opt_base_with_DR10_thermal10_liion_4h_with_degradation_baseline_capfix0p14,R2C_flexibility_ablation_ramped,base_with_DR10_thermal10,baseline,k100,node_interface,0.14,0.6758118298085793,0.6758118298085791,10.654208538790629,13304.350744154934,-13304.350744154934,0.0,True,True,
R2C_flexibility_ablation_ramped,r2_R2C_flexibility_ablation_ramped_0067_k100_repday_opt_base_with_DR10_EV_medium_thermal10_liion_4h_with_degradation_baseline_capfix0p40,R2C_flexibility_ablation_ramped,base_with_DR10_EV_medium_thermal10,baseline,k100,node_interface,0.4,1.9308909423102263,1.9308909423102185,5.628352866191251,1047.5014121308443,-1047.5014121308443,0.0,True,True,
R2C_flexibility_ablation_ramped,r2_R2C_flexibility_ablation_ramped_0068_k100_repday_opt_base_with_DR10_EV_medium_thermal10_liion_4h_with_degradation_baseline_capfix0p25,R2C_flexibility_ablation_ramped,base_with_DR10_EV_medium_thermal10,baseline,k100,node_interface,0.25,1.2068068389438917,1.2068068389438955,7.0461150674940844,3805.4452631837457,-3805.4452631837457,0.0,True,True,
R2C_flexibility_ablation_ramped,r2_R2C_flexibility_ablation_ramped_0069_k100_repday_opt_base_with_DR10_EV_medium_thermal10_liion_4h_with_degradation_baseline_capfix0p15,R2C_flexibility_ablation_ramped,base_with_DR10_EV_medium_thermal10,baseline,k100,node_interface,0.15,0.7240841033663348,0.7240841033663364,4594.354154316879,167278167.2800268,-167278167.2800268,0.0,True,False,load_shedding
R2C_flexibility_ablation_ramped,r2_R2C_flexibility_ablation_ramped_0070_k100_repday_opt_base_with_DR10_EV_medium_thermal10_liion_4h_with_degradation_baseline_capfix0p14,R2C_flexibility_ablation_ramped,base_with_DR10_EV_medium_thermal10,baseline,k100,node_interface,0.14,0.6758118298085793,0.6758118298085796,12669.25160549857,167278167.28002676,-167278167.28002676,0.0,True,False,load_shedding
R2D_network_abstraction_revised,r2_R2D_network_abstraction_revised_0071_k100_repday_opt_base_with_storage_degradation_liion_4h_with_degradation_baseline_capfix0p40_node_interface,R2D_network_abstraction_revised,base_with_storage_degradation,baseline,k100,node_interface,0.4,1.9308909423102263,1.9308909423102258,5.3709271833666525,850.3233316789649,-850.3233316789649,0.0,True,True,
R2D_network_abstraction_revised,r2_R2D_network_abstraction_revised_0072_k100_repday_opt_base_with_storage_degradation_liion_4h_with_degradation_baseline_capfix0p25_node_interface,R2D_network_abstraction_revised,base_with_storage_degradation,baseline,k100,node_interface,0.25,1.2068068389438917,1.2068068389438946,6.595777846292342,2773.3567110555005,-2773.3567110555005,0.0,True,True,
R2D_network_abstraction_revised,r2_R2D_network_abstraction_revised_0073_k100_repday_opt_base_with_storage_degradation_liion_4h_with_degradation_baseline_capfix0p14_node_interface,R2D_network_abstraction_revised,base_with_storage_degradation,baseline,k100,node_interface,0.14,0.6758118298085793,0.6758118298085811,10.722882634181012,13304.350744154934,-13304.350744154934,0.0,True,True,
R2D_network_abstraction_revised,r2_R2D_network_abstraction_revised_0074_k100_repday_opt_base_with_DR10_EV_medium_thermal10_liion_4h_with_degradation_baseline_capfix0p40_node_interface,R2D_network_abstraction_revised,base_with_DR10_EV_medium_thermal10,baseline,k100,node_interface,0.4,1.9308909423102263,1.9308909423102185,5.628352866191251,1047.5014121308443,-1047.5014121308443,0.0,True,True,
R2D_network_abstraction_revised,r2_R2D_network_abstraction_revised_0075_k100_repday_opt_base_with_DR10_EV_medium_thermal10_liion_4h_with_degradation_baseline_capfix0p25_node_interface,R2D_network_abstraction_revised,base_with_DR10_EV_medium_thermal10,baseline,k100,node_interface,0.25,1.2068068389438917,1.2068068389438955,7.0461150674940844,3805.4452631837457,-3805.4452631837457,0.0,True,True,
R2D_network_abstraction_revised,r2_R2D_network_abstraction_revised_0076_k100_repday_opt_base_with_DR10_EV_medium_thermal10_liion_4h_with_degradation_baseline_capfix0p14_node_interface,R2D_network_abstraction_revised,base_with_DR10_EV_medium_thermal10,baseline,k100,node_interface,0.14,0.6758118298085793,0.6758118298085796,12669.25160549857,167278167.28002676,-167278167.28002676,0.0,True,False,load_shedding
R2D_network_abstraction_revised,r2_R2D_network_abstraction_revised_0077_k100_repday_opt_base_with_storage_degradation_liion_4h_with_degradation_baseline_capfix0p40_copperplate,R2D_network_abstraction_revised,base_with_storage_degradation,baseline,k100,copperplate,0.4,1.9308909423102263,1.9308909423102258,5.040887171361225,132.73299702629208,-132.73299702629208,0.0,True,True,
R2D_network_abstraction_revised,r2_R2D_network_abstraction_revised_0078_k100_repday_opt_base_with_storage_degradation_liion_4h_with_degradation_baseline_capfix0p25_copperplate,R2D_network_abstraction_revised,base_with_storage_degradation,baseline,k100,copperplate,0.25,1.2068068389438917,1.2068068389438917,5.599273693298596,1320.8291108820654,-1320.8291108820654,0.0,True,True,
R2D_network_abstraction_revised,r2_R2D_network_abstraction_revised_0079_k100_repday_opt_base_with_storage_degradation_liion_4h_with_degradation_baseline_capfix0p14_copperplate,R2D_network_abstraction_revised,base_with_storage_degradation,baseline,k100,copperplate,0.14,0.6758118298085793,0.6758118298085796,6.6326117319458255,4539.020351983768,-4539.020351983768,0.0,True,True,
R2D_network_abstraction_revised,r2_R2D_network_abstraction_revised_0080_k100_repday_opt_base_with_DR10_EV_medium_thermal10_liion_4h_with_degradation_baseline_capfix0p40_copperplate,R2D_network_abstraction_revised,base_with_DR10_EV_medium_thermal10,baseline,k100,copperplate,0.4,1.9308909423102263,1.9308909423102272,5.188782200188661,297.6641467669674,-297.6641467669674,0.0,True,True,
R2D_network_abstraction_revised,r2_R2D_network_abstraction_revised_0081_k100_repday_opt_base_with_DR10_EV_medium_thermal10_liion_4h_with_degradation_baseline_capfix0p25_copperplate,R2D_network_abstraction_revised,base_with_DR10_EV_medium_thermal10,baseline,k100,copperplate,0.25,1.2068068389438917,1.2068068389438917,5.799754947417287,1384.0406314073816,-1384.0406314073816,0.0,True,True,
R2D_network_abstraction_revised,r2_R2D_network_abstraction_revised_0082_k100_repday_opt_base_with_DR10_EV_medium_thermal10_liion_4h_with_degradation_baseline_capfix0p14_copperplate,R2D_network_abstraction_revised,base_with_DR10_EV_medium_thermal10,baseline,k100,copperplate,0.14,0.6758118298085793,0.6758118298085793,6.893614128509461,4539.020351983767,-4539.020351983767,0.0,True,True,
R2D_network_abstraction_revised,r2_R2D_network_abstraction_revised_0083_k100_repday_opt_base_with_storage_degradation_liion_4h_with_degradation_baseline_capfix0p40_spatial_transfer_proxy,R2D_network_abstraction_revised,base_with_storage_degradation,baseline,k100,spatial_transfer_proxy,0.4,1.9308909423102263,1.9308909423102276,5.154449931839928,281.7626362111792,-281.7626362111792,0.0,True,True,
R2D_network_abstraction_revised,r2_R2D_network_abstraction_revised_0084_k100_repday_opt_base_with_storage_degradation_liion_4h_with_degradation_baseline_capfix0p25_spatial_transfer_proxy,R2D_network_abstraction_revised,base_with_storage_degradation,baseline,k100,spatial_transfer_proxy,0.25,1.2068068389438917,1.2068068389438897,5.8074927139258925,1611.9470582135866,-1611.9470582135866,0.0,True,True,
R2D_network_abstraction_revised,r2_R2D_network_abstraction_revised_0085_k100_repday_opt_base_with_storage_degradation_liion_4h_with_degradation_baseline_capfix0p14_spatial_transfer_proxy,R2D_network_abstraction_revised,base_with_storage_degradation,baseline,k100,spatial_transfer_proxy,0.14,0.6758118298085793,0.6758118298085781,7.531790633519571,5070.301716988786,-5070.301716988786,0.0,True,True,
R2D_network_abstraction_revised,r2_R2D_network_abstraction_revised_0086_k100_repday_opt_base_with_DR10_EV_medium_thermal10_liion_4h_with_degradation_baseline_capfix0p40_spatial_transfer_proxy,R2D_network_abstraction_revised,base_with_DR10_EV_medium_thermal10,baseline,k100,spatial_transfer_proxy,0.4,1.9308909423102263,1.9308909423102232,5.323171482811745,497.7622480203099,-497.7622480203099,0.0,True,True,
R2D_network_abstraction_revised,r2_R2D_network_abstraction_revised_0087_k100_repday_opt_base_with_DR10_EV_medium_thermal10_liion_4h_with_degradation_baseline_capfix0p25_spatial_transfer_proxy,R2D_network_abstraction_revised,base_with_DR10_EV_medium_thermal10,baseline,k100,spatial_transfer_proxy,0.25,1.2068068389438917,1.2068068389438895,6.112638483659578,1729.7427037112514,-1729.7427037112514,0.0,True,True,
R2D_network_abstraction_revised,r2_R2D_network_abstraction_revised_0088_k100_repday_opt_base_with_DR10_EV_medium_thermal10_liion_4h_with_degradation_baseline_capfix0p14_spatial_transfer_proxy,R2D_network_abstraction_revised,base_with_DR10_EV_medium_thermal10,baseline,k100,spatial_transfer_proxy,0.14,0.6758118298085793,0.6758118298085807,7.971824956395961,12250.465353468997,-12250.465353468997,0.0,True,True,
R2E_spatial_resolution_revised,r2_R2E_spatial_resolution_revised_0089_k70_repday_opt_base_with_storage_degradation_liion_4h_with_degradation_baseline_capfix0p40,R2E_spatial_resolution_revised,base_with_storage_degradation,baseline,k70,node_interface,0.4,1.9308909423102263,1.9308909423102376,10.577008060704015,4987.579763594456,-4987.579763594456,0.0,True,True,
R2E_spatial_resolution_revised,r2_R2E_spatial_resolution_revised_0090_k70_repday_opt_base_with_storage_degradation_liion_4h_with_degradation_baseline_capfix0p25,R2E_spatial_resolution_revised,base_with_storage_degradation,baseline,k70,node_interface,0.25,1.2068068389438917,1.206806838943894,14998.08766921781,167278167.28002676,-167278167.28002676,0.0,True,False,load_shedding
R2E_spatial_resolution_revised,r2_R2E_spatial_resolution_revised_0091_k70_repday_opt_base_with_storage_degradation_liion_4h_with_degradation_baseline_capfix0p14,R2E_spatial_resolution_revised,base_with_storage_degradation,baseline,k70,node_interface,0.14,0.6758118298085793,0.6758118298085796,103822.07363517077,167278514.36721325,-167278514.36721325,0.0,True,False,load_shedding
R2E_spatial_resolution_revised,r2_R2E_spatial_resolution_revised_0092_k100_repday_opt_base_with_storage_degradation_liion_4h_with_degradation_baseline_capfix0p40,R2E_spatial_resolution_revised,base_with_storage_degradation,baseline,k100,node_interface,0.4,1.9308909423102263,1.9308909423102258,5.3709271833666525,850.3233316789649,-850.3233316789649,0.0,True,True,
R2E_spatial_resolution_revised,r2_R2E_spatial_resolution_revised_0093_k100_repday_opt_base_with_storage_degradation_liion_4h_with_degradation_baseline_capfix0p25,R2E_spatial_resolution_revised,base_with_storage_degradation,baseline,k100,node_interface,0.25,1.2068068389438917,1.2068068389438946,6.595777846292342,2773.3567110555005,-2773.3567110555005,0.0,True,True,
R2E_spatial_resolution_revised,r2_R2E_spatial_resolution_revised_0094_k100_repday_opt_base_with_storage_degradation_liion_4h_with_degradation_baseline_capfix0p14,R2E_spatial_resolution_revised,base_with_storage_degradation,baseline,k100,node_interface,0.14,0.6758118298085793,0.6758118298085811,10.722882634181012,13304.350744154934,-13304.350744154934,0.0,True,True,
R2E_spatial_resolution_revised,r2_R2E_spatial_resolution_revised_0095_k150_repday_opt_base_with_storage_degradation_liion_4h_with_degradation_baseline_capfix0p40,R2E_spatial_resolution_revised,base_with_storage_degradation,baseline,k150,node_interface,0.4,1.9308909423102263,1.930890942310241,10.936329680128356,7483.630454523725,-7483.630454523725,0.0,True,True,
R2E_spatial_resolution_revised,r2_R2E_spatial_resolution_revised_0096_k150_repday_opt_base_with_storage_degradation_liion_4h_with_degradation_baseline_capfix0p25,R2E_spatial_resolution_revised,base_with_storage_degradation,baseline,k150,node_interface,0.25,1.2068068389438917,1.2068068389438935,20925.40819731962,167278167.28002676,-167278167.28002676,0.0,True,False,load_shedding
R2E_spatial_resolution_revised,r2_R2E_spatial_resolution_revised_0097_k150_repday_opt_base_with_storage_degradation_liion_4h_with_degradation_baseline_capfix0p14,R2E_spatial_resolution_revised,base_with_storage_degradation,baseline,k150,node_interface,0.14,0.6758118298085793,0.6758118298085757,109749.3992517384,167278514.36721325,-167278514.36721325,0.0,True,False,load_shedding
