from_run_id,to_run_id,finite_difference_MAC_CNY_per_tCO2,emissions_reduction_ton,cost_change_cny
r2_R2A_fixed_absolute_cap_core_0006_k100_repday_opt_base_with_storage_degradation_liion_4h_with_degradation_2030_capfix1p00,r2_R2A_fixed_absolute_cap_core_0007_k100_repday_opt_base_with_storage_degradation_liion_4h_with_degradation_2030_capfix0p40,7.2264269549175335,5460.979148576735,39463.36691951752
r2_R2A_fixed_absolute_cap_core_0007_k100_repday_opt_base_with_storage_degradation_liion_4h_with_degradation_2030_capfix0p40,r2_R2A_fixed_absolute_cap_core_0008_k100_repday_opt_base_with_storage_degradation_liion_4h_with_degradation_2030_capfix0p25,932.6749049292675,724084.1033663296,675335072.2679853
r2_R2A_fixed_absolute_cap_core_0008_k100_repday_opt_base_with_storage_degradation_liion_4h_with_degradation_2030_capfix0p25,r2_R2A_fixed_absolute_cap_core_0009_k100_repday_opt_base_with_storage_degradation_liion_4h_with_degradation_2030_capfix0p15,4216.068379346865,482722.735577559,2035192061.4603643
r2_R2A_fixed_absolute_cap_core_0009_k100_repday_opt_base_with_storage_degradation_liion_4h_with_degradation_2030_capfix0p15,r2_R2A_fixed_absolute_cap_core_0010_k100_repday_opt_base_with_storage_degradation_liion_4h_with_degradation_2030_capfix0p14,13849.237818419713,48272.27355775633,668534196.5371809
r2_R2A_fixed_absolute_cap_core_0001_k100_repday_opt_base_with_storage_degradation_liion_4h_with_degradation_baseline_capfix1p00,r2_R2A_fixed_absolute_cap_core_0002_k100_repday_opt_base_with_storage_degradation_liion_4h_with_degradation_baseline_capfix0p40,330.6338401774037,480674.01320658927,158927094.85997868
r2_R2A_fixed_absolute_cap_core_0002_k100_repday_opt_base_with_storage_degradation_liion_4h_with_degradation_baseline_capfix0p40,r2_R2A_fixed_absolute_cap_core_0003_k100_repday_opt_base_with_storage_degradation_liion_4h_with_degradation_baseline_capfix0p25,1691.5861807091887,724084.1033663312,1224850662.9256897
r2_R2A_fixed_absolute_cap_core_0003_k100_repday_opt_base_with_storage_degradation_liion_4h_with_degradation_baseline_capfix0p25,r2_R2A_fixed_absolute_cap_core_0004_k100_repday_opt_base_with_storage_degradation_liion_4h_with_degradation_baseline_capfix0p15,7223.982252614091,482722.7355775584,3487180474.7456064
r2_R2A_fixed_absolute_cap_core_0004_k100_repday_opt_base_with_storage_degradation_liion_4h_with_degradation_baseline_capfix0p15,r2_R2A_fixed_absolute_cap_core_0005_k100_repday_opt_base_with_storage_degradation_liion_4h_with_degradation_baseline_capfix0p14,13256.560463791451,48272.273557755165,639924313.1430626
r2_R2B_storage_calendar_sensitivity_0016_k100_repday_opt_base_with_storage_degradation_legacy_no_degradation_baseline_capfix1p00,r2_R2B_storage_calendar_sensitivity_0017_k100_repday_opt_base_with_storage_degradation_legacy_no_degradation_baseline_capfix0p40,219.44939775657164,407490.3987890603,89423522.6058445
r2_R2B_storage_calendar_sensitivity_0017_k100_repday_opt_base_with_storage_degradation_legacy_no_degradation_baseline_capfix0p40,r2_R2B_storage_calendar_sensitivity_0018_k100_repday_opt_base_with_storage_degradation_legacy_no_degradation_baseline_capfix0p25,1440.3681864727375,724084.10336633,1042947706.819499
r2_R2B_storage_calendar_sensitivity_0018_k100_repday_opt_base_with_storage_degradation_legacy_no_degradation_baseline_capfix0p25,r2_R2B_storage_calendar_sensitivity_0019_k100_repday_opt_base_with_storage_degradation_legacy_no_degradation_baseline_capfix0p15,6763.5065403509625,482722.7355775543,3264898379.254897
r2_R2B_storage_calendar_sensitivity_0019_k100_repday_opt_base_with_storage_degradation_legacy_no_degradation_baseline_capfix0p15,r2_R2B_storage_calendar_sensitivity_0020_k100_repday_opt_base_with_storage_degradation_legacy_no_degradation_baseline_capfix0p14,12215.23843685478,48272.27355775586,589657331.397068
r2_R2B_storage_calendar_sensitivity_0036_k100_repday_opt_base_with_storage_degradation_liion_4h_calendar_high_baseline_capfix1p00,r2_R2B_storage_calendar_sensitivity_0037_k100_repday_opt_base_with_storage_degradation_liion_4h_calendar_high_baseline_capfix0p40,364.98607882046787,504109.25095595024,183992858.80353546
r2_R2B_storage_calendar_sensitivity_0037_k100_repday_opt_base_with_storage_degradation_liion_4h_calendar_high_baseline_capfix0p40,r2_R2B_storage_calendar_sensitivity_0038_k100_repday_opt_base_with_storage_degradation_liion_4h_calendar_high_baseline_capfix0p25,1803.0536193579082,724084.1033663324,1305562463.2941914
r2_R2B_storage_calendar_sensitivity_0038_k100_repday_opt_base_with_storage_degradation_liion_4h_calendar_high_baseline_capfix0p25,r2_R2B_storage_calendar_sensitivity_0039_k100_repday_opt_base_with_storage_degradation_liion_4h_calendar_high_baseline_capfix0p15,7629.734256331801,482722.7355775569,3683046191.9462833
r2_R2B_storage_calendar_sensitivity_0039_k100_repday_opt_base_with_storage_degradation_liion_4h_calendar_high_baseline_capfix0p15,r2_R2B_storage_calendar_sensitivity_0040_k100_repday_opt_base_with_storage_degradation_liion_4h_calendar_high_baseline_capfix0p14,14066.455400799769,48272.27355775668,679019783.0953903
r2_R2B_storage_calendar_sensitivity_0026_k100_repday_opt_base_with_storage_degradation_liion_4h_calendar_low_baseline_capfix1p00,r2_R2B_storage_calendar_sensitivity_0027_k100_repday_opt_base_with_storage_degradation_liion_4h_calendar_low_baseline_capfix0p40,316.2706532187507,463638.3488605083,146635203.45137596
r2_R2B_storage_calendar_sensitivity_0027_k100_repday_opt_base_with_storage_degradation_liion_4h_calendar_low_baseline_capfix0p40,r2_R2B_storage_calendar_sensitivity_0028_k100_repday_opt_base_with_storage_degradation_liion_4h_calendar_low_baseline_capfix0p25,1636.3100931362262,724084.1033663279,1184826126.617817
r2_R2B_storage_calendar_sensitivity_0028_k100_repday_opt_base_with_storage_degradation_liion_4h_calendar_low_baseline_capfix0p25,r2_R2B_storage_calendar_sensitivity_0029_k100_repday_opt_base_with_storage_degradation_liion_4h_calendar_low_baseline_capfix0p15,7020.531018719953,482722.7355775576,3388969938.563593
r2_R2B_storage_calendar_sensitivity_0029_k100_repday_opt_base_with_storage_degradation_liion_4h_calendar_low_baseline_capfix0p15,r2_R2B_storage_calendar_sensitivity_0030_k100_repday_opt_base_with_storage_degradation_liion_4h_calendar_low_baseline_capfix0p14,12856.669066329485,48272.27355775621,620620646.2113991
r2_R2B_storage_calendar_sensitivity_0031_k100_repday_opt_base_with_storage_degradation_liion_4h_calendar_mid_baseline_capfix1p00,r2_R2B_storage_calendar_sensitivity_0032_k100_repday_opt_base_with_storage_degradation_liion_4h_calendar_mid_baseline_capfix0p40,330.6338401774037,480674.01320658927,158927094.85997868
r2_R2B_storage_calendar_sensitivity_0032_k100_repday_opt_base_with_storage_degradation_liion_4h_calendar_mid_baseline_capfix0p40,r2_R2B_storage_calendar_sensitivity_0033_k100_repday_opt_base_with_storage_degradation_liion_4h_calendar_mid_baseline_capfix0p25,1691.5861807091887,724084.1033663312,1224850662.9256897
r2_R2B_storage_calendar_sensitivity_0033_k100_repday_opt_base_with_storage_degradation_liion_4h_calendar_mid_baseline_capfix0p25,r2_R2B_storage_calendar_sensitivity_0034_k100_repday_opt_base_with_storage_degradation_liion_4h_calendar_mid_baseline_capfix0p15,7223.982252614091,482722.7355775584,3487180474.7456064
r2_R2B_storage_calendar_sensitivity_0034_k100_repday_opt_base_with_storage_degradation_liion_4h_calendar_mid_baseline_capfix0p15,r2_R2B_storage_calendar_sensitivity_0035_k100_repday_opt_base_with_storage_degradation_liion_4h_calendar_mid_baseline_capfix0p14,13256.560463791451,48272.273557755165,639924313.1430626
r2_R2B_storage_calendar_sensitivity_0021_k100_repday_opt_base_with_storage_degradation_liion_4h_throughput_only_baseline_capfix1p00,r2_R2B_storage_calendar_sensitivity_0022_k100_repday_opt_base_with_storage_degradation_liion_4h_throughput_only_baseline_capfix0p40,313.7169662682774,430077.1606611223,134922502.10388184
r2_R2B_storage_calendar_sensitivity_0022_k100_repday_opt_base_with_storage_degradation_liion_4h_throughput_only_baseline_capfix0p40,r2_R2B_storage_calendar_sensitivity_0023_k100_repday_opt_base_with_storage_degradation_liion_4h_throughput_only_baseline_capfix0p25,1581.2213484395313,724084.1033663277,1144937242.3085337
r2_R2B_storage_calendar_sensitivity_0023_k100_repday_opt_base_with_storage_degradation_liion_4h_throughput_only_baseline_capfix0p25,r2_R2B_storage_calendar_sensitivity_0024_k100_repday_opt_base_with_storage_degradation_liion_4h_throughput_only_baseline_capfix0p15,6815.712253663267,482722.7355775583,3290099263.997817
r2_R2B_storage_calendar_sensitivity_0024_k100_repday_opt_base_with_storage_degradation_liion_4h_throughput_only_baseline_capfix0p15,r2_R2B_storage_calendar_sensitivity_0025_k100_repday_opt_base_with_storage_degradation_liion_4h_throughput_only_baseline_capfix0p14,12469.801901555827,48272.273557756096,601945688.6029301
r2_R2B_storage_calendar_sensitivity_0046_k100_repday_opt_base_with_storage_degradation_liion_8h_LDES_calendar_mid_baseline_capfix1p00,r2_R2B_storage_calendar_sensitivity_0047_k100_repday_opt_base_with_storage_degradation_liion_8h_LDES_calendar_mid_baseline_capfix0p40,108.78662876898929,268240.9845223408,29181032.403860092
r2_R2B_storage_calendar_sensitivity_0047_k100_repday_opt_base_with_storage_degradation_liion_8h_LDES_calendar_mid_baseline_capfix0p40,r2_R2B_storage_calendar_sensitivity_0048_k100_repday_opt_base_with_storage_degradation_liion_8h_LDES_calendar_mid_baseline_capfix0p25,407.83504762003776,724084.103366338,295306874.77732277
r2_R2B_storage_calendar_sensitivity_0048_k100_repday_opt_base_with_storage_degradation_liion_8h_LDES_calendar_mid_baseline_capfix0p25,r2_R2B_storage_calendar_sensitivity_0049_k100_repday_opt_base_with_storage_degradation_liion_8h_LDES_calendar_mid_baseline_capfix0p15,4304.925747162666,482722.7355775547,2078085533.1286106
r2_R2B_storage_calendar_sensitivity_0049_k100_repday_opt_base_with_storage_degradation_liion_8h_LDES_calendar_mid_baseline_capfix0p15,r2_R2B_storage_calendar_sensitivity_0050_k100_repday_opt_base_with_storage_degradation_liion_8h_LDES_calendar_mid_baseline_capfix0p14,29570.40600903855,48272.273557754816,1427430728.0821857
r2_R2B_storage_calendar_sensitivity_0041_k100_repday_opt_base_with_storage_degradation_liion_8h_calendar_mid_baseline_capfix1p00,r2_R2B_storage_calendar_sensitivity_0042_k100_repday_opt_base_with_storage_degradation_liion_8h_calendar_mid_baseline_capfix0p40,324.43684768682647,480732.9383377435,155967479.09352303
r2_R2B_storage_calendar_sensitivity_0042_k100_repday_opt_base_with_storage_degradation_liion_8h_calendar_mid_baseline_capfix0p40,r2_R2B_storage_calendar_sensitivity_0043_k100_repday_opt_base_with_storage_degradation_liion_8h_calendar_mid_baseline_capfix0p25,1619.1300297396233,724084.1033663289,1172386315.8175125
r2_R2B_storage_calendar_sensitivity_0043_k100_repday_opt_base_with_storage_degradation_liion_8h_calendar_mid_baseline_capfix0p25,r2_R2B_storage_calendar_sensitivity_0044_k100_repday_opt_base_with_storage_degradation_liion_8h_calendar_mid_baseline_capfix0p15,6664.047902818097,482722.7355775556,3216887433.6682243
r2_R2B_storage_calendar_sensitivity_0044_k100_repday_opt_base_with_storage_degradation_liion_8h_calendar_mid_baseline_capfix0p15,r2_R2B_storage_calendar_sensitivity_0045_k100_repday_opt_base_with_storage_degradation_liion_8h_calendar_mid_baseline_capfix0p14,12433.923164227126,48272.273557756096,600213740.3796921
r2_R2C_flexibility_ablation_ramped_0055_k100_repday_opt_base_with_DR10_liion_4h_with_degradation_baseline_capfix0p40,r2_R2C_flexibility_ablation_ramped_0056_k100_repday_opt_base_with_DR10_liion_4h_with_degradation_baseline_capfix0p25,1707.6123371139204,724084.1033663324,1236454948.0164204
r2_R2C_flexibility_ablation_ramped_0056_k100_repday_opt_base_with_DR10_liion_4h_with_degradation_baseline_capfix0p25,r2_R2C_flexibility_ablation_ramped_0057_k100_repday_opt_base_with_DR10_liion_4h_with_degradation_baseline_capfix0p15,7216.061742142136,482722.73557755735,3483357064.263406
r2_R2C_flexibility_ablation_ramped_0057_k100_repday_opt_base_with_DR10_liion_4h_with_degradation_baseline_capfix0p15,r2_R2C_flexibility_ablation_ramped_0058_k100_repday_opt_base_with_DR10_liion_4h_with_degradation_baseline_capfix0p14,13273.78183449757,48272.27355775621,640755627.8608418
r2_R2C_flexibility_ablation_ramped_0067_k100_repday_opt_base_with_DR10_EV_medium_thermal10_liion_4h_with_degradation_baseline_capfix0p40,r2_R2C_flexibility_ablation_ramped_0068_k100_repday_opt_base_with_DR10_EV_medium_thermal10_liion_4h_with_degradation_baseline_capfix0p25,1958.007632969081,724084.103366323,1417762201.3028336
r2_R2C_flexibility_ablation_ramped_0063_k100_repday_opt_base_with_DR10_thermal10_liion_4h_with_degradation_baseline_capfix0p40,r2_R2C_flexibility_ablation_ramped_0064_k100_repday_opt_base_with_DR10_thermal10_liion_4h_with_degradation_baseline_capfix0p25,1723.4533367606198,724084.1033663338,1247925164.0420294
r2_R2C_flexibility_ablation_ramped_0064_k100_repday_opt_base_with_DR10_thermal10_liion_4h_with_degradation_baseline_capfix0p25,r2_R2C_flexibility_ablation_ramped_0065_k100_repday_opt_base_with_DR10_thermal10_liion_4h_with_degradation_baseline_capfix0p15,7210.157101859459,482722.7355775597,3480506760.1535673
r2_R2C_flexibility_ablation_ramped_0065_k100_repday_opt_base_with_DR10_thermal10_liion_4h_with_degradation_baseline_capfix0p15,r2_R2C_flexibility_ablation_ramped_0066_k100_repday_opt_base_with_DR10_thermal10_liion_4h_with_degradation_baseline_capfix0p14,13285.618857306103,48272.27355775703,641327027.8639755
r2_R2C_flexibility_ablation_ramped_0051_k100_repday_opt_base_with_storage_degradation_liion_4h_with_degradation_baseline_capfix0p40,r2_R2C_flexibility_ablation_ramped_0052_k100_repday_opt_base_with_storage_degradation_liion_4h_with_degradation_baseline_capfix0p25,1691.5861807091887,724084.1033663312,1224850662.9256897
r2_R2C_flexibility_ablation_ramped_0052_k100_repday_opt_base_with_storage_degradation_liion_4h_with_degradation_baseline_capfix0p25,r2_R2C_flexibility_ablation_ramped_0053_k100_repday_opt_base_with_storage_degradation_liion_4h_with_degradation_baseline_capfix0p15,7223.982252614091,482722.7355775584,3487180474.7456064
r2_R2C_flexibility_ablation_ramped_0053_k100_repday_opt_base_with_storage_degradation_liion_4h_with_degradation_baseline_capfix0p15,r2_R2C_flexibility_ablation_ramped_0054_k100_repday_opt_base_with_storage_degradation_liion_4h_with_degradation_baseline_capfix0p14,13256.560463791451,48272.273557755165,639924313.1430626
r2_R2C_flexibility_ablation_ramped_0059_k100_repday_opt_base_with_thermal10_liion_4h_with_degradation_baseline_capfix0p40,r2_R2C_flexibility_ablation_ramped_0060_k100_repday_opt_base_with_thermal10_liion_4h_with_degradation_baseline_capfix0p25,1708.4830051083147,724084.1033663312,1237085384.870469
r2_R2C_flexibility_ablation_ramped_0060_k100_repday_opt_base_with_thermal10_liion_4h_with_degradation_baseline_capfix0p25,r2_R2C_flexibility_ablation_ramped_0061_k100_repday_opt_base_with_thermal10_liion_4h_with_degradation_baseline_capfix0p15,7216.219327564448,482722.7355775571,3483433134.32955
r2_R2C_flexibility_ablation_ramped_0061_k100_repday_opt_base_with_thermal10_liion_4h_with_degradation_baseline_capfix0p15,r2_R2C_flexibility_ablation_ramped_0062_k100_repday_opt_base_with_thermal10_liion_4h_with_degradation_baseline_capfix0p14,13274.702704463347,48272.273557756445,640800080.347744
r2_R2D_network_abstraction_revised_0080_k100_repday_opt_base_with_DR10_EV_medium_thermal10_liion_4h_with_degradation_baseline_capfix0p40_copperplate,r2_R2D_network_abstraction_revised_0081_k100_repday_opt_base_with_DR10_EV_medium_thermal10_liion_4h_with_degradation_baseline_capfix0p25_copperplate,843.7869915775753,724084.1033663354,610972747.2286263
r2_R2D_network_abstraction_revised_0081_k100_repday_opt_base_with_DR10_EV_medium_thermal10_liion_4h_with_degradation_baseline_capfix0p25_copperplate,r2_R2D_network_abstraction_revised_0082_k100_repday_opt_base_with_DR10_EV_medium_thermal10_liion_4h_with_degradation_baseline_capfix0p14_copperplate,2060.0178198914646,530995.0091353124,1093859181.0921745
r2_R2D_network_abstraction_revised_0074_k100_repday_opt_base_with_DR10_EV_medium_thermal10_liion_4h_with_degradation_baseline_capfix0p40_node_interface,r2_R2D_network_abstraction_revised_0075_k100_repday_opt_base_with_DR10_EV_medium_thermal10_liion_4h_with_degradation_baseline_capfix0p25_node_interface,1958.007632969081,724084.103366323,1417762201.3028336
r2_R2D_network_abstraction_revised_0086_k100_repday_opt_base_with_DR10_EV_medium_thermal10_liion_4h_with_degradation_baseline_capfix0p40_spatial_transfer_proxy,r2_R2D_network_abstraction_revised_0087_k100_repday_opt_base_with_DR10_EV_medium_thermal10_liion_4h_with_degradation_baseline_capfix0p25_spatial_transfer_proxy,1090.2973800661111,724084.1033663335,789467000.8478327
r2_R2D_network_abstraction_revised_0087_k100_repday_opt_base_with_DR10_EV_medium_thermal10_liion_4h_with_degradation_baseline_capfix0p25_spatial_transfer_proxy,r2_R2D_network_abstraction_revised_0088_k100_repday_opt_base_with_DR10_EV_medium_thermal10_liion_4h_with_degradation_baseline_capfix0p14_spatial_transfer_proxy,3501.325701279094,530995.0091353089,1859186472.7363844
r2_R2D_network_abstraction_revised_0077_k100_repday_opt_base_with_storage_degradation_liion_4h_with_degradation_baseline_capfix0p40_copperplate,r2_R2D_network_abstraction_revised_0078_k100_repday_opt_base_with_storage_degradation_liion_4h_with_degradation_baseline_capfix0p25_copperplate,771.1625201290561,724084.1033663342,558386521.9373703
r2_R2D_network_abstraction_revised_0078_k100_repday_opt_base_with_storage_degradation_liion_4h_with_degradation_baseline_capfix0p25_copperplate,r2_R2D_network_abstraction_revised_0079_k100_repday_opt_base_with_storage_degradation_liion_4h_with_degradation_baseline_capfix0p14_copperplate,1946.040962475237,530995.0091353122,1033338038.6472301
r2_R2D_network_abstraction_revised_0071_k100_repday_opt_base_with_storage_degradation_liion_4h_with_degradation_baseline_capfix0p40_node_interface,r2_R2D_network_abstraction_revised_0072_k100_repday_opt_base_with_storage_degradation_liion_4h_with_degradation_baseline_capfix0p25_node_interface,1691.5861807091887,724084.1033663312,1224850662.9256897
r2_R2D_network_abstraction_revised_0072_k100_repday_opt_base_with_storage_degradation_liion_4h_with_degradation_baseline_capfix0p25_node_interface,r2_R2D_network_abstraction_revised_0073_k100_repday_opt_base_with_storage_degradation_liion_4h_with_degradation_baseline_capfix0p14_node_interface,7772.398453630208,530995.0091353136,4127104787.888669
r2_R2D_network_abstraction_revised_0083_k100_repday_opt_base_with_storage_degradation_liion_4h_with_degradation_baseline_capfix0p40_spatial_transfer_proxy,r2_R2D_network_abstraction_revised_0084_k100_repday_opt_base_with_storage_degradation_liion_4h_with_degradation_baseline_capfix0p25_spatial_transfer_proxy,901.888025230639,724084.1033663377,653042782.0859642
r2_R2D_network_abstraction_revised_0084_k100_repday_opt_base_with_storage_degradation_liion_4h_with_degradation_baseline_capfix0p25_spatial_transfer_proxy,r2_R2D_network_abstraction_revised_0085_k100_repday_opt_base_with_storage_degradation_liion_4h_with_degradation_baseline_capfix0p14_spatial_transfer_proxy,3247.295906606688,530995.0091353117,1724297919.5936785
r2_R2E_spatial_resolution_revised_0092_k100_repday_opt_base_with_storage_degradation_liion_4h_with_degradation_baseline_capfix0p40,r2_R2E_spatial_resolution_revised_0093_k100_repday_opt_base_with_storage_degradation_liion_4h_with_degradation_baseline_capfix0p25,1691.5861807091887,724084.1033663312,1224850662.9256897
r2_R2E_spatial_resolution_revised_0093_k100_repday_opt_base_with_storage_degradation_liion_4h_with_degradation_baseline_capfix0p25,r2_R2E_spatial_resolution_revised_0094_k100_repday_opt_base_with_storage_degradation_liion_4h_with_degradation_baseline_capfix0p14,7772.398453630208,530995.0091353136,4127104787.888669
