dataset_id,spatial_resolution,temporal_mode,weights_csv,use_existing_weights,n_rep_days,grid_carbon_scenario,technology_set,storage_model,bess_degradation_mode,bess_calendar_ageing_cost_yuan_per_kwh_year,dr_ramp_fraction_per_h,thermal_ramp_fraction_per_h,load_shedding_penalty_yuan_per_kwh,compute_reference_context,experiment_id,fixed_baseline_reference_ton,fixed_baseline_cap_ratio,co2_cap_ton,co2_cap_ratio,run_id,storage_model_label,bess_degradation_cost_yuan_per_kwh,h_max_liion,enable_ldes,flex_case,dr_fraction,thermal_flex_fraction,ev_mode,ev_penetration,network_mode,allow_large_spatial_transfer_proxy,network_k_nearest,transfer_cap_mw,solver_method,solver_name,solver_time_limit_seconds
xinwu_k100,k100,repday_opt,workflow/03_formulation/outputs/weights_k100_typical.csv,True,8,baseline,base_with_storage_degradation,liion_4h_with_degradation,throughput_plus_calendar,12.0,0.05,0.05,100000.0,True,R2A_fixed_absolute_cap_core,4827227.355775566,1.0,4827227.355775566,1.0,r2_R2A_fixed_absolute_cap_core_0001_k100_repday_opt_base_with_storage_degradation_liion_4h_with_degradation_baseline_capfix1p00,,,,,,,,,,,,,,,,
xinwu_k100,k100,repday_opt,workflow/03_formulation/outputs/weights_k100_typical.csv,True,8,baseline,base_with_storage_degradation,liion_4h_with_degradation,throughput_plus_calendar,12.0,0.05,0.05,100000.0,True,R2A_fixed_absolute_cap_core,4827227.355775566,0.4,1930890.9423102264,0.4,r2_R2A_fixed_absolute_cap_core_0002_k100_repday_opt_base_with_storage_degradation_liion_4h_with_degradation_baseline_capfix0p40,,,,,,,,,,,,,,,,
xinwu_k100,k100,repday_opt,workflow/03_formulation/outputs/weights_k100_typical.csv,True,8,baseline,base_with_storage_degradation,liion_4h_with_degradation,throughput_plus_calendar,12.0,0.05,0.05,100000.0,True,R2A_fixed_absolute_cap_core,4827227.355775566,0.25,1206806.8389438915,0.25,r2_R2A_fixed_absolute_cap_core_0003_k100_repday_opt_base_with_storage_degradation_liion_4h_with_degradation_baseline_capfix0p25,,,,,,,,,,,,,,,,
xinwu_k100,k100,repday_opt,workflow/03_formulation/outputs/weights_k100_typical.csv,True,8,baseline,base_with_storage_degradation,liion_4h_with_degradation,throughput_plus_calendar,12.0,0.05,0.05,100000.0,True,R2A_fixed_absolute_cap_core,4827227.355775566,0.15,724084.1033663348,0.15,r2_R2A_fixed_absolute_cap_core_0004_k100_repday_opt_base_with_storage_degradation_liion_4h_with_degradation_baseline_capfix0p15,,,,,,,,,,,,,,,,
xinwu_k100,k100,repday_opt,workflow/03_formulation/outputs/weights_k100_typical.csv,True,8,baseline,base_with_storage_degradation,liion_4h_with_degradation,throughput_plus_calendar,12.0,0.05,0.05,100000.0,True,R2A_fixed_absolute_cap_core,4827227.355775566,0.14,675811.8298085793,0.14,r2_R2A_fixed_absolute_cap_core_0005_k100_repday_opt_base_with_storage_degradation_liion_4h_with_degradation_baseline_capfix0p14,,,,,,,,,,,,,,,,
xinwu_k100,k100,repday_opt,workflow/03_formulation/outputs/weights_k100_typical.csv,True,8,2030,base_with_storage_degradation,liion_4h_with_degradation,throughput_plus_calendar,12.0,0.05,0.05,100000.0,True,R2A_fixed_absolute_cap_core,4827227.355775566,1.0,4827227.355775566,1.0,r2_R2A_fixed_absolute_cap_core_0006_k100_repday_opt_base_with_storage_degradation_liion_4h_with_degradation_2030_capfix1p00,,,,,,,,,,,,,,,,
xinwu_k100,k100,repday_opt,workflow/03_formulation/outputs/weights_k100_typical.csv,True,8,2030,base_with_storage_degradation,liion_4h_with_degradation,throughput_plus_calendar,12.0,0.05,0.05,100000.0,True,R2A_fixed_absolute_cap_core,4827227.355775566,0.4,1930890.9423102264,0.4,r2_R2A_fixed_absolute_cap_core_0007_k100_repday_opt_base_with_storage_degradation_liion_4h_with_degradation_2030_capfix0p40,,,,,,,,,,,,,,,,
xinwu_k100,k100,repday_opt,workflow/03_formulation/outputs/weights_k100_typical.csv,True,8,2030,base_with_storage_degradation,liion_4h_with_degradation,throughput_plus_calendar,12.0,0.05,0.05,100000.0,True,R2A_fixed_absolute_cap_core,4827227.355775566,0.25,1206806.8389438915,0.25,r2_R2A_fixed_absolute_cap_core_0008_k100_repday_opt_base_with_storage_degradation_liion_4h_with_degradation_2030_capfix0p25,,,,,,,,,,,,,,,,
xinwu_k100,k100,repday_opt,workflow/03_formulation/outputs/weights_k100_typical.csv,True,8,2030,base_with_storage_degradation,liion_4h_with_degradation,throughput_plus_calendar,12.0,0.05,0.05,100000.0,True,R2A_fixed_absolute_cap_core,4827227.355775566,0.15,724084.1033663348,0.15,r2_R2A_fixed_absolute_cap_core_0009_k100_repday_opt_base_with_storage_degradation_liion_4h_with_degradation_2030_capfix0p15,,,,,,,,,,,,,,,,
xinwu_k100,k100,repday_opt,workflow/03_formulation/outputs/weights_k100_typical.csv,True,8,2030,base_with_storage_degradation,liion_4h_with_degradation,throughput_plus_calendar,12.0,0.05,0.05,100000.0,True,R2A_fixed_absolute_cap_core,4827227.355775566,0.14,675811.8298085793,0.14,r2_R2A_fixed_absolute_cap_core_0010_k100_repday_opt_base_with_storage_degradation_liion_4h_with_degradation_2030_capfix0p14,,,,,,,,,,,,,,,,
xinwu_k100,k100,repday_opt,workflow/03_formulation/outputs/weights_k100_typical.csv,True,8,2050,base_with_storage_degradation,liion_4h_with_degradation,throughput_plus_calendar,12.0,0.05,0.05,100000.0,True,R2A_fixed_absolute_cap_core,4827227.355775566,1.0,4827227.355775566,1.0,r2_R2A_fixed_absolute_cap_core_0011_k100_repday_opt_base_with_storage_degradation_liion_4h_with_degradation_2050_capfix1p00,,,,,,,,,,,,,,,,
xinwu_k100,k100,repday_opt,workflow/03_formulation/outputs/weights_k100_typical.csv,True,8,2050,base_with_storage_degradation,liion_4h_with_degradation,throughput_plus_calendar,12.0,0.05,0.05,100000.0,True,R2A_fixed_absolute_cap_core,4827227.355775566,0.4,1930890.9423102264,0.4,r2_R2A_fixed_absolute_cap_core_0012_k100_repday_opt_base_with_storage_degradation_liion_4h_with_degradation_2050_capfix0p40,,,,,,,,,,,,,,,,
xinwu_k100,k100,repday_opt,workflow/03_formulation/outputs/weights_k100_typical.csv,True,8,2050,base_with_storage_degradation,liion_4h_with_degradation,throughput_plus_calendar,12.0,0.05,0.05,100000.0,True,R2A_fixed_absolute_cap_core,4827227.355775566,0.25,1206806.8389438915,0.25,r2_R2A_fixed_absolute_cap_core_0013_k100_repday_opt_base_with_storage_degradation_liion_4h_with_degradation_2050_capfix0p25,,,,,,,,,,,,,,,,
xinwu_k100,k100,repday_opt,workflow/03_formulation/outputs/weights_k100_typical.csv,True,8,2050,base_with_storage_degradation,liion_4h_with_degradation,throughput_plus_calendar,12.0,0.05,0.05,100000.0,True,R2A_fixed_absolute_cap_core,4827227.355775566,0.15,724084.1033663348,0.15,r2_R2A_fixed_absolute_cap_core_0014_k100_repday_opt_base_with_storage_degradation_liion_4h_with_degradation_2050_capfix0p15,,,,,,,,,,,,,,,,
xinwu_k100,k100,repday_opt,workflow/03_formulation/outputs/weights_k100_typical.csv,True,8,2050,base_with_storage_degradation,liion_4h_with_degradation,throughput_plus_calendar,12.0,0.05,0.05,100000.0,True,R2A_fixed_absolute_cap_core,4827227.355775566,0.14,675811.8298085793,0.14,r2_R2A_fixed_absolute_cap_core_0015_k100_repday_opt_base_with_storage_degradation_liion_4h_with_degradation_2050_capfix0p14,,,,,,,,,,,,,,,,
xinwu_k100,k100,repday_opt,workflow/03_formulation/outputs/weights_k100_typical.csv,True,8,baseline,base_with_storage_degradation,legacy_no_degradation,throughput_plus_calendar,0.0,0.05,0.05,100000.0,True,R2B_storage_calendar_sensitivity,4827227.355775566,1.0,4827227.355775566,1.0,r2_R2B_storage_calendar_sensitivity_0016_k100_repday_opt_base_with_storage_degradation_legacy_no_degradation_baseline_capfix1p00,legacy_no_degradation,0.0,,,,,,,,,,,,,,
xinwu_k100,k100,repday_opt,workflow/03_formulation/outputs/weights_k100_typical.csv,True,8,baseline,base_with_storage_degradation,legacy_no_degradation,throughput_plus_calendar,0.0,0.05,0.05,100000.0,True,R2B_storage_calendar_sensitivity,4827227.355775566,0.4,1930890.9423102264,0.4,r2_R2B_storage_calendar_sensitivity_0017_k100_repday_opt_base_with_storage_degradation_legacy_no_degradation_baseline_capfix0p40,legacy_no_degradation,0.0,,,,,,,,,,,,,,
xinwu_k100,k100,repday_opt,workflow/03_formulation/outputs/weights_k100_typical.csv,True,8,baseline,base_with_storage_degradation,legacy_no_degradation,throughput_plus_calendar,0.0,0.05,0.05,100000.0,True,R2B_storage_calendar_sensitivity,4827227.355775566,0.25,1206806.8389438915,0.25,r2_R2B_storage_calendar_sensitivity_0018_k100_repday_opt_base_with_storage_degradation_legacy_no_degradation_baseline_capfix0p25,legacy_no_degradation,0.0,,,,,,,,,,,,,,
xinwu_k100,k100,repday_opt,workflow/03_formulation/outputs/weights_k100_typical.csv,True,8,baseline,base_with_storage_degradation,legacy_no_degradation,throughput_plus_calendar,0.0,0.05,0.05,100000.0,True,R2B_storage_calendar_sensitivity,4827227.355775566,0.15,724084.1033663348,0.15,r2_R2B_storage_calendar_sensitivity_0019_k100_repday_opt_base_with_storage_degradation_legacy_no_degradation_baseline_capfix0p15,legacy_no_degradation,0.0,,,,,,,,,,,,,,
xinwu_k100,k100,repday_opt,workflow/03_formulation/outputs/weights_k100_typical.csv,True,8,baseline,base_with_storage_degradation,legacy_no_degradation,throughput_plus_calendar,0.0,0.05,0.05,100000.0,True,R2B_storage_calendar_sensitivity,4827227.355775566,0.14,675811.8298085793,0.14,r2_R2B_storage_calendar_sensitivity_0020_k100_repday_opt_base_with_storage_degradation_legacy_no_degradation_baseline_capfix0p14,legacy_no_degradation,0.0,,,,,,,,,,,,,,
xinwu_k100,k100,repday_opt,workflow/03_formulation/outputs/weights_k100_typical.csv,True,8,baseline,base_with_storage_degradation,liion_4h_with_degradation,throughput_plus_calendar,0.0,0.05,0.05,100000.0,True,R2B_storage_calendar_sensitivity,4827227.355775566,1.0,4827227.355775566,1.0,r2_R2B_storage_calendar_sensitivity_0021_k100_repday_opt_base_with_storage_degradation_liion_4h_throughput_only_baseline_capfix1p00,liion_4h_throughput_only,,,,,,,,,,,,,,,
xinwu_k100,k100,repday_opt,workflow/03_formulation/outputs/weights_k100_typical.csv,True,8,baseline,base_with_storage_degradation,liion_4h_with_degradation,throughput_plus_calendar,0.0,0.05,0.05,100000.0,True,R2B_storage_calendar_sensitivity,4827227.355775566,0.4,1930890.9423102264,0.4,r2_R2B_storage_calendar_sensitivity_0022_k100_repday_opt_base_with_storage_degradation_liion_4h_throughput_only_baseline_capfix0p40,liion_4h_throughput_only,,,,,,,,,,,,,,,
xinwu_k100,k100,repday_opt,workflow/03_formulation/outputs/weights_k100_typical.csv,True,8,baseline,base_with_storage_degradation,liion_4h_with_degradation,throughput_plus_calendar,0.0,0.05,0.05,100000.0,True,R2B_storage_calendar_sensitivity,4827227.355775566,0.25,1206806.8389438915,0.25,r2_R2B_storage_calendar_sensitivity_0023_k100_repday_opt_base_with_storage_degradation_liion_4h_throughput_only_baseline_capfix0p25,liion_4h_throughput_only,,,,,,,,,,,,,,,
xinwu_k100,k100,repday_opt,workflow/03_formulation/outputs/weights_k100_typical.csv,True,8,baseline,base_with_storage_degradation,liion_4h_with_degradation,throughput_plus_calendar,0.0,0.05,0.05,100000.0,True,R2B_storage_calendar_sensitivity,4827227.355775566,0.15,724084.1033663348,0.15,r2_R2B_storage_calendar_sensitivity_0024_k100_repday_opt_base_with_storage_degradation_liion_4h_throughput_only_baseline_capfix0p15,liion_4h_throughput_only,,,,,,,,,,,,,,,
xinwu_k100,k100,repday_opt,workflow/03_formulation/outputs/weights_k100_typical.csv,True,8,baseline,base_with_storage_degradation,liion_4h_with_degradation,throughput_plus_calendar,0.0,0.05,0.05,100000.0,True,R2B_storage_calendar_sensitivity,4827227.355775566,0.14,675811.8298085793,0.14,r2_R2B_storage_calendar_sensitivity_0025_k100_repday_opt_base_with_storage_degradation_liion_4h_throughput_only_baseline_capfix0p14,liion_4h_throughput_only,,,,,,,,,,,,,,,
xinwu_k100,k100,repday_opt,workflow/03_formulation/outputs/weights_k100_typical.csv,True,8,baseline,base_with_storage_degradation,liion_4h_with_degradation,throughput_plus_calendar,6.0,0.05,0.05,100000.0,True,R2B_storage_calendar_sensitivity,4827227.355775566,1.0,4827227.355775566,1.0,r2_R2B_storage_calendar_sensitivity_0026_k100_repday_opt_base_with_storage_degradation_liion_4h_calendar_low_baseline_capfix1p00,liion_4h_calendar_low,,,,,,,,,,,,,,,
xinwu_k100,k100,repday_opt,workflow/03_formulation/outputs/weights_k100_typical.csv,True,8,baseline,base_with_storage_degradation,liion_4h_with_degradation,throughput_plus_calendar,6.0,0.05,0.05,100000.0,True,R2B_storage_calendar_sensitivity,4827227.355775566,0.4,1930890.9423102264,0.4,r2_R2B_storage_calendar_sensitivity_0027_k100_repday_opt_base_with_storage_degradation_liion_4h_calendar_low_baseline_capfix0p40,liion_4h_calendar_low,,,,,,,,,,,,,,,
xinwu_k100,k100,repday_opt,workflow/03_formulation/outputs/weights_k100_typical.csv,True,8,baseline,base_with_storage_degradation,liion_4h_with_degradation,throughput_plus_calendar,6.0,0.05,0.05,100000.0,True,R2B_storage_calendar_sensitivity,4827227.355775566,0.25,1206806.8389438915,0.25,r2_R2B_storage_calendar_sensitivity_0028_k100_repday_opt_base_with_storage_degradation_liion_4h_calendar_low_baseline_capfix0p25,liion_4h_calendar_low,,,,,,,,,,,,,,,
xinwu_k100,k100,repday_opt,workflow/03_formulation/outputs/weights_k100_typical.csv,True,8,baseline,base_with_storage_degradation,liion_4h_with_degradation,throughput_plus_calendar,6.0,0.05,0.05,100000.0,True,R2B_storage_calendar_sensitivity,4827227.355775566,0.15,724084.1033663348,0.15,r2_R2B_storage_calendar_sensitivity_0029_k100_repday_opt_base_with_storage_degradation_liion_4h_calendar_low_baseline_capfix0p15,liion_4h_calendar_low,,,,,,,,,,,,,,,
xinwu_k100,k100,repday_opt,workflow/03_formulation/outputs/weights_k100_typical.csv,True,8,baseline,base_with_storage_degradation,liion_4h_with_degradation,throughput_plus_calendar,6.0,0.05,0.05,100000.0,True,R2B_storage_calendar_sensitivity,4827227.355775566,0.14,675811.8298085793,0.14,r2_R2B_storage_calendar_sensitivity_0030_k100_repday_opt_base_with_storage_degradation_liion_4h_calendar_low_baseline_capfix0p14,liion_4h_calendar_low,,,,,,,,,,,,,,,
xinwu_k100,k100,repday_opt,workflow/03_formulation/outputs/weights_k100_typical.csv,True,8,baseline,base_with_storage_degradation,liion_4h_with_degradation,throughput_plus_calendar,12.0,0.05,0.05,100000.0,True,R2B_storage_calendar_sensitivity,4827227.355775566,1.0,4827227.355775566,1.0,r2_R2B_storage_calendar_sensitivity_0031_k100_repday_opt_base_with_storage_degradation_liion_4h_calendar_mid_baseline_capfix1p00,liion_4h_calendar_mid,,,,,,,,,,,,,,,
xinwu_k100,k100,repday_opt,workflow/03_formulation/outputs/weights_k100_typical.csv,True,8,baseline,base_with_storage_degradation,liion_4h_with_degradation,throughput_plus_calendar,12.0,0.05,0.05,100000.0,True,R2B_storage_calendar_sensitivity,4827227.355775566,0.4,1930890.9423102264,0.4,r2_R2B_storage_calendar_sensitivity_0032_k100_repday_opt_base_with_storage_degradation_liion_4h_calendar_mid_baseline_capfix0p40,liion_4h_calendar_mid,,,,,,,,,,,,,,,
xinwu_k100,k100,repday_opt,workflow/03_formulation/outputs/weights_k100_typical.csv,True,8,baseline,base_with_storage_degradation,liion_4h_with_degradation,throughput_plus_calendar,12.0,0.05,0.05,100000.0,True,R2B_storage_calendar_sensitivity,4827227.355775566,0.25,1206806.8389438915,0.25,r2_R2B_storage_calendar_sensitivity_0033_k100_repday_opt_base_with_storage_degradation_liion_4h_calendar_mid_baseline_capfix0p25,liion_4h_calendar_mid,,,,,,,,,,,,,,,
xinwu_k100,k100,repday_opt,workflow/03_formulation/outputs/weights_k100_typical.csv,True,8,baseline,base_with_storage_degradation,liion_4h_with_degradation,throughput_plus_calendar,12.0,0.05,0.05,100000.0,True,R2B_storage_calendar_sensitivity,4827227.355775566,0.15,724084.1033663348,0.15,r2_R2B_storage_calendar_sensitivity_0034_k100_repday_opt_base_with_storage_degradation_liion_4h_calendar_mid_baseline_capfix0p15,liion_4h_calendar_mid,,,,,,,,,,,,,,,
xinwu_k100,k100,repday_opt,workflow/03_formulation/outputs/weights_k100_typical.csv,True,8,baseline,base_with_storage_degradation,liion_4h_with_degradation,throughput_plus_calendar,12.0,0.05,0.05,100000.0,True,R2B_storage_calendar_sensitivity,4827227.355775566,0.14,675811.8298085793,0.14,r2_R2B_storage_calendar_sensitivity_0035_k100_repday_opt_base_with_storage_degradation_liion_4h_calendar_mid_baseline_capfix0p14,liion_4h_calendar_mid,,,,,,,,,,,,,,,
xinwu_k100,k100,repday_opt,workflow/03_formulation/outputs/weights_k100_typical.csv,True,8,baseline,base_with_storage_degradation,liion_4h_with_degradation,throughput_plus_calendar,24.0,0.05,0.05,100000.0,True,R2B_storage_calendar_sensitivity,4827227.355775566,1.0,4827227.355775566,1.0,r2_R2B_storage_calendar_sensitivity_0036_k100_repday_opt_base_with_storage_degradation_liion_4h_calendar_high_baseline_capfix1p00,liion_4h_calendar_high,,,,,,,,,,,,,,,
xinwu_k100,k100,repday_opt,workflow/03_formulation/outputs/weights_k100_typical.csv,True,8,baseline,base_with_storage_degradation,liion_4h_with_degradation,throughput_plus_calendar,24.0,0.05,0.05,100000.0,True,R2B_storage_calendar_sensitivity,4827227.355775566,0.4,1930890.9423102264,0.4,r2_R2B_storage_calendar_sensitivity_0037_k100_repday_opt_base_with_storage_degradation_liion_4h_calendar_high_baseline_capfix0p40,liion_4h_calendar_high,,,,,,,,,,,,,,,
xinwu_k100,k100,repday_opt,workflow/03_formulation/outputs/weights_k100_typical.csv,True,8,baseline,base_with_storage_degradation,liion_4h_with_degradation,throughput_plus_calendar,24.0,0.05,0.05,100000.0,True,R2B_storage_calendar_sensitivity,4827227.355775566,0.25,1206806.8389438915,0.25,r2_R2B_storage_calendar_sensitivity_0038_k100_repday_opt_base_with_storage_degradation_liion_4h_calendar_high_baseline_capfix0p25,liion_4h_calendar_high,,,,,,,,,,,,,,,
xinwu_k100,k100,repday_opt,workflow/03_formulation/outputs/weights_k100_typical.csv,True,8,baseline,base_with_storage_degradation,liion_4h_with_degradation,throughput_plus_calendar,24.0,0.05,0.05,100000.0,True,R2B_storage_calendar_sensitivity,4827227.355775566,0.15,724084.1033663348,0.15,r2_R2B_storage_calendar_sensitivity_0039_k100_repday_opt_base_with_storage_degradation_liion_4h_calendar_high_baseline_capfix0p15,liion_4h_calendar_high,,,,,,,,,,,,,,,
xinwu_k100,k100,repday_opt,workflow/03_formulation/outputs/weights_k100_typical.csv,True,8,baseline,base_with_storage_degradation,liion_4h_with_degradation,throughput_plus_calendar,24.0,0.05,0.05,100000.0,True,R2B_storage_calendar_sensitivity,4827227.355775566,0.14,675811.8298085793,0.14,r2_R2B_storage_calendar_sensitivity_0040_k100_repday_opt_base_with_storage_degradation_liion_4h_calendar_high_baseline_capfix0p14,liion_4h_calendar_high,,,,,,,,,,,,,,,
xinwu_k100,k100,repday_opt,workflow/03_formulation/outputs/weights_k100_typical.csv,True,8,baseline,base_with_storage_degradation,liion_8h_with_degradation,throughput_plus_calendar,12.0,0.05,0.05,100000.0,True,R2B_storage_calendar_sensitivity,4827227.355775566,1.0,4827227.355775566,1.0,r2_R2B_storage_calendar_sensitivity_0041_k100_repday_opt_base_with_storage_degradation_liion_8h_calendar_mid_baseline_capfix1p00,liion_8h_calendar_mid,,8.0,,,,,,,,,,,,,
xinwu_k100,k100,repday_opt,workflow/03_formulation/outputs/weights_k100_typical.csv,True,8,baseline,base_with_storage_degradation,liion_8h_with_degradation,throughput_plus_calendar,12.0,0.05,0.05,100000.0,True,R2B_storage_calendar_sensitivity,4827227.355775566,0.4,1930890.9423102264,0.4,r2_R2B_storage_calendar_sensitivity_0042_k100_repday_opt_base_with_storage_degradation_liion_8h_calendar_mid_baseline_capfix0p40,liion_8h_calendar_mid,,8.0,,,,,,,,,,,,,
xinwu_k100,k100,repday_opt,workflow/03_formulation/outputs/weights_k100_typical.csv,True,8,baseline,base_with_storage_degradation,liion_8h_with_degradation,throughput_plus_calendar,12.0,0.05,0.05,100000.0,True,R2B_storage_calendar_sensitivity,4827227.355775566,0.25,1206806.8389438915,0.25,r2_R2B_storage_calendar_sensitivity_0043_k100_repday_opt_base_with_storage_degradation_liion_8h_calendar_mid_baseline_capfix0p25,liion_8h_calendar_mid,,8.0,,,,,,,,,,,,,
xinwu_k100,k100,repday_opt,workflow/03_formulation/outputs/weights_k100_typical.csv,True,8,baseline,base_with_storage_degradation,liion_8h_with_degradation,throughput_plus_calendar,12.0,0.05,0.05,100000.0,True,R2B_storage_calendar_sensitivity,4827227.355775566,0.15,724084.1033663348,0.15,r2_R2B_storage_calendar_sensitivity_0044_k100_repday_opt_base_with_storage_degradation_liion_8h_calendar_mid_baseline_capfix0p15,liion_8h_calendar_mid,,8.0,,,,,,,,,,,,,
xinwu_k100,k100,repday_opt,workflow/03_formulation/outputs/weights_k100_typical.csv,True,8,baseline,base_with_storage_degradation,liion_8h_with_degradation,throughput_plus_calendar,12.0,0.05,0.05,100000.0,True,R2B_storage_calendar_sensitivity,4827227.355775566,0.14,675811.8298085793,0.14,r2_R2B_storage_calendar_sensitivity_0045_k100_repday_opt_base_with_storage_degradation_liion_8h_calendar_mid_baseline_capfix0p14,liion_8h_calendar_mid,,8.0,,,,,,,,,,,,,
xinwu_k100,k100,repday_opt,workflow/03_formulation/outputs/weights_k100_typical.csv,True,8,baseline,base_with_storage_degradation,liion_8h_with_degradation_plus_LDES,throughput_plus_calendar,12.0,0.05,0.05,100000.0,True,R2B_storage_calendar_sensitivity,4827227.355775566,1.0,4827227.355775566,1.0,r2_R2B_storage_calendar_sensitivity_0046_k100_repday_opt_base_with_storage_degradation_liion_8h_LDES_calendar_mid_baseline_capfix1p00,liion_8h_LDES_calendar_mid,,8.0,True,,,,,,,,,,,,
xinwu_k100,k100,repday_opt,workflow/03_formulation/outputs/weights_k100_typical.csv,True,8,baseline,base_with_storage_degradation,liion_8h_with_degradation_plus_LDES,throughput_plus_calendar,12.0,0.05,0.05,100000.0,True,R2B_storage_calendar_sensitivity,4827227.355775566,0.4,1930890.9423102264,0.4,r2_R2B_storage_calendar_sensitivity_0047_k100_repday_opt_base_with_storage_degradation_liion_8h_LDES_calendar_mid_baseline_capfix0p40,liion_8h_LDES_calendar_mid,,8.0,True,,,,,,,,,,,,
xinwu_k100,k100,repday_opt,workflow/03_formulation/outputs/weights_k100_typical.csv,True,8,baseline,base_with_storage_degradation,liion_8h_with_degradation_plus_LDES,throughput_plus_calendar,12.0,0.05,0.05,100000.0,True,R2B_storage_calendar_sensitivity,4827227.355775566,0.25,1206806.8389438915,0.25,r2_R2B_storage_calendar_sensitivity_0048_k100_repday_opt_base_with_storage_degradation_liion_8h_LDES_calendar_mid_baseline_capfix0p25,liion_8h_LDES_calendar_mid,,8.0,True,,,,,,,,,,,,
xinwu_k100,k100,repday_opt,workflow/03_formulation/outputs/weights_k100_typical.csv,True,8,baseline,base_with_storage_degradation,liion_8h_with_degradation_plus_LDES,throughput_plus_calendar,12.0,0.05,0.05,100000.0,True,R2B_storage_calendar_sensitivity,4827227.355775566,0.15,724084.1033663348,0.15,r2_R2B_storage_calendar_sensitivity_0049_k100_repday_opt_base_with_storage_degradation_liion_8h_LDES_calendar_mid_baseline_capfix0p15,liion_8h_LDES_calendar_mid,,8.0,True,,,,,,,,,,,,
xinwu_k100,k100,repday_opt,workflow/03_formulation/outputs/weights_k100_typical.csv,True,8,baseline,base_with_storage_degradation,liion_8h_with_degradation_plus_LDES,throughput_plus_calendar,12.0,0.05,0.05,100000.0,True,R2B_storage_calendar_sensitivity,4827227.355775566,0.14,675811.8298085793,0.14,r2_R2B_storage_calendar_sensitivity_0050_k100_repday_opt_base_with_storage_degradation_liion_8h_LDES_calendar_mid_baseline_capfix0p14,liion_8h_LDES_calendar_mid,,8.0,True,,,,,,,,,,,,
xinwu_k100,k100,repday_opt,workflow/03_formulation/outputs/weights_k100_typical.csv,True,8,baseline,base_with_storage_degradation,liion_4h_with_degradation,throughput_plus_calendar,12.0,0.05,0.05,100000.0,True,R2C_flexibility_ablation_ramped,4827227.355775566,0.4,1930890.9423102264,0.4,r2_R2C_flexibility_ablation_ramped_0051_k100_repday_opt_base_with_storage_degradation_liion_4h_with_degradation_baseline_capfix0p40,,,,,base_no_flex,,,,,,,,,,,
xinwu_k100,k100,repday_opt,workflow/03_formulation/outputs/weights_k100_typical.csv,True,8,baseline,base_with_storage_degradation,liion_4h_with_degradation,throughput_plus_calendar,12.0,0.05,0.05,100000.0,True,R2C_flexibility_ablation_ramped,4827227.355775566,0.25,1206806.8389438915,0.25,r2_R2C_flexibility_ablation_ramped_0052_k100_repday_opt_base_with_storage_degradation_liion_4h_with_degradation_baseline_capfix0p25,,,,,base_no_flex,,,,,,,,,,,
xinwu_k100,k100,repday_opt,workflow/03_formulation/outputs/weights_k100_typical.csv,True,8,baseline,base_with_storage_degradation,liion_4h_with_degradation,throughput_plus_calendar,12.0,0.05,0.05,100000.0,True,R2C_flexibility_ablation_ramped,4827227.355775566,0.15,724084.1033663348,0.15,r2_R2C_flexibility_ablation_ramped_0053_k100_repday_opt_base_with_storage_degradation_liion_4h_with_degradation_baseline_capfix0p15,,,,,base_no_flex,,,,,,,,,,,
xinwu_k100,k100,repday_opt,workflow/03_formulation/outputs/weights_k100_typical.csv,True,8,baseline,base_with_storage_degradation,liion_4h_with_degradation,throughput_plus_calendar,12.0,0.05,0.05,100000.0,True,R2C_flexibility_ablation_ramped,4827227.355775566,0.14,675811.8298085793,0.14,r2_R2C_flexibility_ablation_ramped_0054_k100_repday_opt_base_with_storage_degradation_liion_4h_with_degradation_baseline_capfix0p14,,,,,base_no_flex,,,,,,,,,,,
xinwu_k100,k100,repday_opt,workflow/03_formulation/outputs/weights_k100_typical.csv,True,8,baseline,base_with_DR10,liion_4h_with_degradation,throughput_plus_calendar,12.0,0.05,0.05,100000.0,True,R2C_flexibility_ablation_ramped,4827227.355775566,0.4,1930890.9423102264,0.4,r2_R2C_flexibility_ablation_ramped_0055_k100_repday_opt_base_with_DR10_liion_4h_with_degradation_baseline_capfix0p40,,,,,DR10_only,0.1,0.0,disabled,,,,,,,,
xinwu_k100,k100,repday_opt,workflow/03_formulation/outputs/weights_k100_typical.csv,True,8,baseline,base_with_DR10,liion_4h_with_degradation,throughput_plus_calendar,12.0,0.05,0.05,100000.0,True,R2C_flexibility_ablation_ramped,4827227.355775566,0.25,1206806.8389438915,0.25,r2_R2C_flexibility_ablation_ramped_0056_k100_repday_opt_base_with_DR10_liion_4h_with_degradation_baseline_capfix0p25,,,,,DR10_only,0.1,0.0,disabled,,,,,,,,
xinwu_k100,k100,repday_opt,workflow/03_formulation/outputs/weights_k100_typical.csv,True,8,baseline,base_with_DR10,liion_4h_with_degradation,throughput_plus_calendar,12.0,0.05,0.05,100000.0,True,R2C_flexibility_ablation_ramped,4827227.355775566,0.15,724084.1033663348,0.15,r2_R2C_flexibility_ablation_ramped_0057_k100_repday_opt_base_with_DR10_liion_4h_with_degradation_baseline_capfix0p15,,,,,DR10_only,0.1,0.0,disabled,,,,,,,,
xinwu_k100,k100,repday_opt,workflow/03_formulation/outputs/weights_k100_typical.csv,True,8,baseline,base_with_DR10,liion_4h_with_degradation,throughput_plus_calendar,12.0,0.05,0.05,100000.0,True,R2C_flexibility_ablation_ramped,4827227.355775566,0.14,675811.8298085793,0.14,r2_R2C_flexibility_ablation_ramped_0058_k100_repday_opt_base_with_DR10_liion_4h_with_degradation_baseline_capfix0p14,,,,,DR10_only,0.1,0.0,disabled,,,,,,,,
xinwu_k100,k100,repday_opt,workflow/03_formulation/outputs/weights_k100_typical.csv,True,8,baseline,base_with_thermal10,liion_4h_with_degradation,throughput_plus_calendar,12.0,0.05,0.05,100000.0,True,R2C_flexibility_ablation_ramped,4827227.355775566,0.4,1930890.9423102264,0.4,r2_R2C_flexibility_ablation_ramped_0059_k100_repday_opt_base_with_thermal10_liion_4h_with_degradation_baseline_capfix0p40,,,,,thermal10_only,0.0,0.1,disabled,,,,,,,,
xinwu_k100,k100,repday_opt,workflow/03_formulation/outputs/weights_k100_typical.csv,True,8,baseline,base_with_thermal10,liion_4h_with_degradation,throughput_plus_calendar,12.0,0.05,0.05,100000.0,True,R2C_flexibility_ablation_ramped,4827227.355775566,0.25,1206806.8389438915,0.25,r2_R2C_flexibility_ablation_ramped_0060_k100_repday_opt_base_with_thermal10_liion_4h_with_degradation_baseline_capfix0p25,,,,,thermal10_only,0.0,0.1,disabled,,,,,,,,
xinwu_k100,k100,repday_opt,workflow/03_formulation/outputs/weights_k100_typical.csv,True,8,baseline,base_with_thermal10,liion_4h_with_degradation,throughput_plus_calendar,12.0,0.05,0.05,100000.0,True,R2C_flexibility_ablation_ramped,4827227.355775566,0.15,724084.1033663348,0.15,r2_R2C_flexibility_ablation_ramped_0061_k100_repday_opt_base_with_thermal10_liion_4h_with_degradation_baseline_capfix0p15,,,,,thermal10_only,0.0,0.1,disabled,,,,,,,,
xinwu_k100,k100,repday_opt,workflow/03_formulation/outputs/weights_k100_typical.csv,True,8,baseline,base_with_thermal10,liion_4h_with_degradation,throughput_plus_calendar,12.0,0.05,0.05,100000.0,True,R2C_flexibility_ablation_ramped,4827227.355775566,0.14,675811.8298085793,0.14,r2_R2C_flexibility_ablation_ramped_0062_k100_repday_opt_base_with_thermal10_liion_4h_with_degradation_baseline_capfix0p14,,,,,thermal10_only,0.0,0.1,disabled,,,,,,,,
xinwu_k100,k100,repday_opt,workflow/03_formulation/outputs/weights_k100_typical.csv,True,8,baseline,base_with_DR10_thermal10,liion_4h_with_degradation,throughput_plus_calendar,12.0,0.05,0.05,100000.0,True,R2C_flexibility_ablation_ramped,4827227.355775566,0.4,1930890.9423102264,0.4,r2_R2C_flexibility_ablation_ramped_0063_k100_repday_opt_base_with_DR10_thermal10_liion_4h_with_degradation_baseline_capfix0p40,,,,,DR10_thermal10_noEV,0.1,0.1,disabled,,,,,,,,
xinwu_k100,k100,repday_opt,workflow/03_formulation/outputs/weights_k100_typical.csv,True,8,baseline,base_with_DR10_thermal10,liion_4h_with_degradation,throughput_plus_calendar,12.0,0.05,0.05,100000.0,True,R2C_flexibility_ablation_ramped,4827227.355775566,0.25,1206806.8389438915,0.25,r2_R2C_flexibility_ablation_ramped_0064_k100_repday_opt_base_with_DR10_thermal10_liion_4h_with_degradation_baseline_capfix0p25,,,,,DR10_thermal10_noEV,0.1,0.1,disabled,,,,,,,,
xinwu_k100,k100,repday_opt,workflow/03_formulation/outputs/weights_k100_typical.csv,True,8,baseline,base_with_DR10_thermal10,liion_4h_with_degradation,throughput_plus_calendar,12.0,0.05,0.05,100000.0,True,R2C_flexibility_ablation_ramped,4827227.355775566,0.15,724084.1033663348,0.15,r2_R2C_flexibility_ablation_ramped_0065_k100_repday_opt_base_with_DR10_thermal10_liion_4h_with_degradation_baseline_capfix0p15,,,,,DR10_thermal10_noEV,0.1,0.1,disabled,,,,,,,,
xinwu_k100,k100,repday_opt,workflow/03_formulation/outputs/weights_k100_typical.csv,True,8,baseline,base_with_DR10_thermal10,liion_4h_with_degradation,throughput_plus_calendar,12.0,0.05,0.05,100000.0,True,R2C_flexibility_ablation_ramped,4827227.355775566,0.14,675811.8298085793,0.14,r2_R2C_flexibility_ablation_ramped_0066_k100_repday_opt_base_with_DR10_thermal10_liion_4h_with_degradation_baseline_capfix0p14,,,,,DR10_thermal10_noEV,0.1,0.1,disabled,,,,,,,,
xinwu_k100,k100,repday_opt,workflow/03_formulation/outputs/weights_k100_typical.csv,True,8,baseline,base_with_DR10_EV_medium_thermal10,liion_4h_with_degradation,throughput_plus_calendar,12.0,0.05,0.05,100000.0,True,R2C_flexibility_ablation_ramped,4827227.355775566,0.4,1930890.9423102264,0.4,r2_R2C_flexibility_ablation_ramped_0067_k100_repday_opt_base_with_DR10_EV_medium_thermal10_liion_4h_with_degradation_baseline_capfix0p40,,,,,DR10_EVmedium_thermal10,0.1,0.1,,medium,,,,,,,
xinwu_k100,k100,repday_opt,workflow/03_formulation/outputs/weights_k100_typical.csv,True,8,baseline,base_with_DR10_EV_medium_thermal10,liion_4h_with_degradation,throughput_plus_calendar,12.0,0.05,0.05,100000.0,True,R2C_flexibility_ablation_ramped,4827227.355775566,0.25,1206806.8389438915,0.25,r2_R2C_flexibility_ablation_ramped_0068_k100_repday_opt_base_with_DR10_EV_medium_thermal10_liion_4h_with_degradation_baseline_capfix0p25,,,,,DR10_EVmedium_thermal10,0.1,0.1,,medium,,,,,,,
xinwu_k100,k100,repday_opt,workflow/03_formulation/outputs/weights_k100_typical.csv,True,8,baseline,base_with_DR10_EV_medium_thermal10,liion_4h_with_degradation,throughput_plus_calendar,12.0,0.05,0.05,100000.0,True,R2C_flexibility_ablation_ramped,4827227.355775566,0.15,724084.1033663348,0.15,r2_R2C_flexibility_ablation_ramped_0069_k100_repday_opt_base_with_DR10_EV_medium_thermal10_liion_4h_with_degradation_baseline_capfix0p15,,,,,DR10_EVmedium_thermal10,0.1,0.1,,medium,,,,,,,
xinwu_k100,k100,repday_opt,workflow/03_formulation/outputs/weights_k100_typical.csv,True,8,baseline,base_with_DR10_EV_medium_thermal10,liion_4h_with_degradation,throughput_plus_calendar,12.0,0.05,0.05,100000.0,True,R2C_flexibility_ablation_ramped,4827227.355775566,0.14,675811.8298085793,0.14,r2_R2C_flexibility_ablation_ramped_0070_k100_repday_opt_base_with_DR10_EV_medium_thermal10_liion_4h_with_degradation_baseline_capfix0p14,,,,,DR10_EVmedium_thermal10,0.1,0.1,,medium,,,,,,,
xinwu_k100,k100,repday_opt,workflow/03_formulation/outputs/weights_k100_typical.csv,True,8,baseline,base_with_storage_degradation,liion_4h_with_degradation,throughput_plus_calendar,12.0,0.05,0.05,100000.0,True,R2D_network_abstraction_revised,4827227.355775566,0.4,1930890.9423102264,0.4,r2_R2D_network_abstraction_revised_0071_k100_repday_opt_base_with_storage_degradation_liion_4h_with_degradation_baseline_capfix0p40_node_interface,,,,,,,,,,node_interface,,,,,,
xinwu_k100,k100,repday_opt,workflow/03_formulation/outputs/weights_k100_typical.csv,True,8,baseline,base_with_storage_degradation,liion_4h_with_degradation,throughput_plus_calendar,12.0,0.05,0.05,100000.0,True,R2D_network_abstraction_revised,4827227.355775566,0.25,1206806.8389438915,0.25,r2_R2D_network_abstraction_revised_0072_k100_repday_opt_base_with_storage_degradation_liion_4h_with_degradation_baseline_capfix0p25_node_interface,,,,,,,,,,node_interface,,,,,,
xinwu_k100,k100,repday_opt,workflow/03_formulation/outputs/weights_k100_typical.csv,True,8,baseline,base_with_storage_degradation,liion_4h_with_degradation,throughput_plus_calendar,12.0,0.05,0.05,100000.0,True,R2D_network_abstraction_revised,4827227.355775566,0.14,675811.8298085793,0.14,r2_R2D_network_abstraction_revised_0073_k100_repday_opt_base_with_storage_degradation_liion_4h_with_degradation_baseline_capfix0p14_node_interface,,,,,,,,,,node_interface,,,,,,
xinwu_k100,k100,repday_opt,workflow/03_formulation/outputs/weights_k100_typical.csv,True,8,baseline,base_with_DR10_EV_medium_thermal10,liion_4h_with_degradation,throughput_plus_calendar,12.0,0.05,0.05,100000.0,True,R2D_network_abstraction_revised,4827227.355775566,0.4,1930890.9423102264,0.4,r2_R2D_network_abstraction_revised_0074_k100_repday_opt_base_with_DR10_EV_medium_thermal10_liion_4h_with_degradation_baseline_capfix0p40_node_interface,,,,,,0.1,0.1,,,node_interface,,,,,,
xinwu_k100,k100,repday_opt,workflow/03_formulation/outputs/weights_k100_typical.csv,True,8,baseline,base_with_DR10_EV_medium_thermal10,liion_4h_with_degradation,throughput_plus_calendar,12.0,0.05,0.05,100000.0,True,R2D_network_abstraction_revised,4827227.355775566,0.25,1206806.8389438915,0.25,r2_R2D_network_abstraction_revised_0075_k100_repday_opt_base_with_DR10_EV_medium_thermal10_liion_4h_with_degradation_baseline_capfix0p25_node_interface,,,,,,0.1,0.1,,,node_interface,,,,,,
xinwu_k100,k100,repday_opt,workflow/03_formulation/outputs/weights_k100_typical.csv,True,8,baseline,base_with_DR10_EV_medium_thermal10,liion_4h_with_degradation,throughput_plus_calendar,12.0,0.05,0.05,100000.0,True,R2D_network_abstraction_revised,4827227.355775566,0.14,675811.8298085793,0.14,r2_R2D_network_abstraction_revised_0076_k100_repday_opt_base_with_DR10_EV_medium_thermal10_liion_4h_with_degradation_baseline_capfix0p14_node_interface,,,,,,0.1,0.1,,,node_interface,,,,,,
xinwu_k100,k100,repday_opt,workflow/03_formulation/outputs/weights_k100_typical.csv,True,8,baseline,base_with_storage_degradation,liion_4h_with_degradation,throughput_plus_calendar,12.0,0.05,0.05,100000.0,True,R2D_network_abstraction_revised,4827227.355775566,0.4,1930890.9423102264,0.4,r2_R2D_network_abstraction_revised_0077_k100_repday_opt_base_with_storage_degradation_liion_4h_with_degradation_baseline_capfix0p40_copperplate,,,,,,,,,,copperplate,,,,,,
xinwu_k100,k100,repday_opt,workflow/03_formulation/outputs/weights_k100_typical.csv,True,8,baseline,base_with_storage_degradation,liion_4h_with_degradation,throughput_plus_calendar,12.0,0.05,0.05,100000.0,True,R2D_network_abstraction_revised,4827227.355775566,0.25,1206806.8389438915,0.25,r2_R2D_network_abstraction_revised_0078_k100_repday_opt_base_with_storage_degradation_liion_4h_with_degradation_baseline_capfix0p25_copperplate,,,,,,,,,,copperplate,,,,,,
xinwu_k100,k100,repday_opt,workflow/03_formulation/outputs/weights_k100_typical.csv,True,8,baseline,base_with_storage_degradation,liion_4h_with_degradation,throughput_plus_calendar,12.0,0.05,0.05,100000.0,True,R2D_network_abstraction_revised,4827227.355775566,0.14,675811.8298085793,0.14,r2_R2D_network_abstraction_revised_0079_k100_repday_opt_base_with_storage_degradation_liion_4h_with_degradation_baseline_capfix0p14_copperplate,,,,,,,,,,copperplate,,,,,,
xinwu_k100,k100,repday_opt,workflow/03_formulation/outputs/weights_k100_typical.csv,True,8,baseline,base_with_DR10_EV_medium_thermal10,liion_4h_with_degradation,throughput_plus_calendar,12.0,0.05,0.05,100000.0,True,R2D_network_abstraction_revised,4827227.355775566,0.4,1930890.9423102264,0.4,r2_R2D_network_abstraction_revised_0080_k100_repday_opt_base_with_DR10_EV_medium_thermal10_liion_4h_with_degradation_baseline_capfix0p40_copperplate,,,,,,0.1,0.1,,,copperplate,,,,,,
xinwu_k100,k100,repday_opt,workflow/03_formulation/outputs/weights_k100_typical.csv,True,8,baseline,base_with_DR10_EV_medium_thermal10,liion_4h_with_degradation,throughput_plus_calendar,12.0,0.05,0.05,100000.0,True,R2D_network_abstraction_revised,4827227.355775566,0.25,1206806.8389438915,0.25,r2_R2D_network_abstraction_revised_0081_k100_repday_opt_base_with_DR10_EV_medium_thermal10_liion_4h_with_degradation_baseline_capfix0p25_copperplate,,,,,,0.1,0.1,,,copperplate,,,,,,
xinwu_k100,k100,repday_opt,workflow/03_formulation/outputs/weights_k100_typical.csv,True,8,baseline,base_with_DR10_EV_medium_thermal10,liion_4h_with_degradation,throughput_plus_calendar,12.0,0.05,0.05,100000.0,True,R2D_network_abstraction_revised,4827227.355775566,0.14,675811.8298085793,0.14,r2_R2D_network_abstraction_revised_0082_k100_repday_opt_base_with_DR10_EV_medium_thermal10_liion_4h_with_degradation_baseline_capfix0p14_copperplate,,,,,,0.1,0.1,,,copperplate,,,,,,
xinwu_k100,k100,repday_opt,workflow/03_formulation/outputs/weights_k100_typical.csv,True,8,baseline,base_with_storage_degradation,liion_4h_with_degradation,throughput_plus_calendar,12.0,0.05,0.05,100000.0,True,R2D_network_abstraction_revised,4827227.355775566,0.4,1930890.9423102264,0.4,r2_R2D_network_abstraction_revised_0083_k100_repday_opt_base_with_storage_degradation_liion_4h_with_degradation_baseline_capfix0p40_spatial_transfer_proxy,,,,,,,,,,spatial_transfer_proxy,True,3.0,30.0,highs-ipm,scipy-linprog-highs-ipm,300.0
xinwu_k100,k100,repday_opt,workflow/03_formulation/outputs/weights_k100_typical.csv,True,8,baseline,base_with_storage_degradation,liion_4h_with_degradation,throughput_plus_calendar,12.0,0.05,0.05,100000.0,True,R2D_network_abstraction_revised,4827227.355775566,0.25,1206806.8389438915,0.25,r2_R2D_network_abstraction_revised_0084_k100_repday_opt_base_with_storage_degradation_liion_4h_with_degradation_baseline_capfix0p25_spatial_transfer_proxy,,,,,,,,,,spatial_transfer_proxy,True,3.0,30.0,highs-ipm,scipy-linprog-highs-ipm,300.0
xinwu_k100,k100,repday_opt,workflow/03_formulation/outputs/weights_k100_typical.csv,True,8,baseline,base_with_storage_degradation,liion_4h_with_degradation,throughput_plus_calendar,12.0,0.05,0.05,100000.0,True,R2D_network_abstraction_revised,4827227.355775566,0.14,675811.8298085793,0.14,r2_R2D_network_abstraction_revised_0085_k100_repday_opt_base_with_storage_degradation_liion_4h_with_degradation_baseline_capfix0p14_spatial_transfer_proxy,,,,,,,,,,spatial_transfer_proxy,True,3.0,30.0,highs-ipm,scipy-linprog-highs-ipm,300.0
xinwu_k100,k100,repday_opt,workflow/03_formulation/outputs/weights_k100_typical.csv,True,8,baseline,base_with_DR10_EV_medium_thermal10,liion_4h_with_degradation,throughput_plus_calendar,12.0,0.05,0.05,100000.0,True,R2D_network_abstraction_revised,4827227.355775566,0.4,1930890.9423102264,0.4,r2_R2D_network_abstraction_revised_0086_k100_repday_opt_base_with_DR10_EV_medium_thermal10_liion_4h_with_degradation_baseline_capfix0p40_spatial_transfer_proxy,,,,,,0.1,0.1,,,spatial_transfer_proxy,True,3.0,30.0,highs-ipm,scipy-linprog-highs-ipm,300.0
xinwu_k100,k100,repday_opt,workflow/03_formulation/outputs/weights_k100_typical.csv,True,8,baseline,base_with_DR10_EV_medium_thermal10,liion_4h_with_degradation,throughput_plus_calendar,12.0,0.05,0.05,100000.0,True,R2D_network_abstraction_revised,4827227.355775566,0.25,1206806.8389438915,0.25,r2_R2D_network_abstraction_revised_0087_k100_repday_opt_base_with_DR10_EV_medium_thermal10_liion_4h_with_degradation_baseline_capfix0p25_spatial_transfer_proxy,,,,,,0.1,0.1,,,spatial_transfer_proxy,True,3.0,30.0,highs-ipm,scipy-linprog-highs-ipm,300.0
xinwu_k100,k100,repday_opt,workflow/03_formulation/outputs/weights_k100_typical.csv,True,8,baseline,base_with_DR10_EV_medium_thermal10,liion_4h_with_degradation,throughput_plus_calendar,12.0,0.05,0.05,100000.0,True,R2D_network_abstraction_revised,4827227.355775566,0.14,675811.8298085793,0.14,r2_R2D_network_abstraction_revised_0088_k100_repday_opt_base_with_DR10_EV_medium_thermal10_liion_4h_with_degradation_baseline_capfix0p14_spatial_transfer_proxy,,,,,,0.1,0.1,,,spatial_transfer_proxy,True,3.0,30.0,highs-ipm,scipy-linprog-highs-ipm,300.0
xinwu_k70,k70,repday_opt,,False,8,baseline,base_with_storage_degradation,liion_4h_with_degradation,throughput_plus_calendar,12.0,0.05,0.05,100000.0,True,R2E_spatial_resolution_revised,4827227.355775566,0.4,1930890.9423102264,0.4,r2_R2E_spatial_resolution_revised_0089_k70_repday_opt_base_with_storage_degradation_liion_4h_with_degradation_baseline_capfix0p40,,,,,,,,,,,,,,,,
xinwu_k70,k70,repday_opt,,False,8,baseline,base_with_storage_degradation,liion_4h_with_degradation,throughput_plus_calendar,12.0,0.05,0.05,100000.0,True,R2E_spatial_resolution_revised,4827227.355775566,0.25,1206806.8389438915,0.25,r2_R2E_spatial_resolution_revised_0090_k70_repday_opt_base_with_storage_degradation_liion_4h_with_degradation_baseline_capfix0p25,,,,,,,,,,,,,,,,
xinwu_k70,k70,repday_opt,,False,8,baseline,base_with_storage_degradation,liion_4h_with_degradation,throughput_plus_calendar,12.0,0.05,0.05,100000.0,True,R2E_spatial_resolution_revised,4827227.355775566,0.14,675811.8298085793,0.14,r2_R2E_spatial_resolution_revised_0091_k70_repday_opt_base_with_storage_degradation_liion_4h_with_degradation_baseline_capfix0p14,,,,,,,,,,,,,,,,
xinwu_k100,k100,repday_opt,workflow/03_formulation/outputs/weights_k100_typical.csv,True,8,baseline,base_with_storage_degradation,liion_4h_with_degradation,throughput_plus_calendar,12.0,0.05,0.05,100000.0,True,R2E_spatial_resolution_revised,4827227.355775566,0.4,1930890.9423102264,0.4,r2_R2E_spatial_resolution_revised_0092_k100_repday_opt_base_with_storage_degradation_liion_4h_with_degradation_baseline_capfix0p40,,,,,,,,,,,,,,,,
xinwu_k100,k100,repday_opt,workflow/03_formulation/outputs/weights_k100_typical.csv,True,8,baseline,base_with_storage_degradation,liion_4h_with_degradation,throughput_plus_calendar,12.0,0.05,0.05,100000.0,True,R2E_spatial_resolution_revised,4827227.355775566,0.25,1206806.8389438915,0.25,r2_R2E_spatial_resolution_revised_0093_k100_repday_opt_base_with_storage_degradation_liion_4h_with_degradation_baseline_capfix0p25,,,,,,,,,,,,,,,,
xinwu_k100,k100,repday_opt,workflow/03_formulation/outputs/weights_k100_typical.csv,True,8,baseline,base_with_storage_degradation,liion_4h_with_degradation,throughput_plus_calendar,12.0,0.05,0.05,100000.0,True,R2E_spatial_resolution_revised,4827227.355775566,0.14,675811.8298085793,0.14,r2_R2E_spatial_resolution_revised_0094_k100_repday_opt_base_with_storage_degradation_liion_4h_with_degradation_baseline_capfix0p14,,,,,,,,,,,,,,,,
xinwu_k150,k150,repday_opt,,False,8,baseline,base_with_storage_degradation,liion_4h_with_degradation,throughput_plus_calendar,12.0,0.05,0.05,100000.0,True,R2E_spatial_resolution_revised,4827227.355775566,0.4,1930890.9423102264,0.4,r2_R2E_spatial_resolution_revised_0095_k150_repday_opt_base_with_storage_degradation_liion_4h_with_degradation_baseline_capfix0p40,,,,,,,,,,,,,,,,
xinwu_k150,k150,repday_opt,,False,8,baseline,base_with_storage_degradation,liion_4h_with_degradation,throughput_plus_calendar,12.0,0.05,0.05,100000.0,True,R2E_spatial_resolution_revised,4827227.355775566,0.25,1206806.8389438915,0.25,r2_R2E_spatial_resolution_revised_0096_k150_repday_opt_base_with_storage_degradation_liion_4h_with_degradation_baseline_capfix0p25,,,,,,,,,,,,,,,,
xinwu_k150,k150,repday_opt,,False,8,baseline,base_with_storage_degradation,liion_4h_with_degradation,throughput_plus_calendar,12.0,0.05,0.05,100000.0,True,R2E_spatial_resolution_revised,4827227.355775566,0.14,675811.8298085793,0.14,r2_R2E_spatial_resolution_revised_0097_k150_repday_opt_base_with_storage_degradation_liion_4h_with_degradation_baseline_capfix0p14,,,,,,,,,,,,,,,,
