node_id,area,land_use,land_use_main_class,grid_count,building_count,total_floor_area,component_count,E_annual,P_peak,load_factor,summer_peak_ratio,day_night_ratio,weekday_weekend_ratio,centroid_x,centroid_y
k100_0001,3628437.6288348,residential,residential,43,876,3628437.6288348,4,114976344.0,52645.80859375,0.2493105106607807,1.0,1.1989130621042672,2.478839583421583,0.0,0.0
k100_0002,4410148.484029084,residential,residential,37,1268,4410148.484029084,1,144097760.0,68107.125,0.2415241574465984,1.0,1.193080800135976,2.416411510579044,1.0,0.0
k100_0003,6392719.109393165,residential,residential,51,1779,6392719.109393165,3,207887008.0,98266.1875,0.2415011125500919,1.0,1.1922408510247715,2.406264746656376,2.0,0.0
k100_0004,3233284.127598973,residential,residential,36,587,3233284.127598973,1,99918760.0,47681.8203125,0.2392159331753178,1.0,1.1686443130894502,2.4029354428707075,3.0,0.0
k100_0005,5443293.804433041,residential,residential,44,2213,5443293.804433041,2,191582992.0,90216.5546875,0.2424189733465878,1.0,1.2068132538502865,2.408782143968425,4.0,0.0
k100_0006,2725213.0192200947,residential,residential,58,1102,2725213.0192200947,4,94922688.0,42894.13671875,0.2526201508313513,1.0,1.2106255697579336,2.374798520421006,5.0,0.0
k100_0007,3605670.9076146153,residential,residential,50,837,3605670.9076146153,4,115154880.0,53921.93359375,0.2437882577730673,1.0,1.1808998615646542,2.399021548322563,6.0,0.0
k100_0008,9432.72098655576,residential,residential,1,2,9432.72098655576,1,326264.5625,131.63819885253906,0.2829331713395581,1.0,1.2085847495991302,2.3238903827333512,7.0,0.0
k100_0009,6464145.769444439,residential,residential,54,1211,6464145.769444439,4,198610896.0,94294.21875,0.2404439743272041,1.0,1.1566420670938191,2.4201960832396305,8.0,0.0
k100_0010,1671865.7543448703,residential,residential,36,397,1671865.7543448703,2,51125556.0,24286.51171875,0.2403083140353057,1.0,1.1714898063200816,2.4057121281602334,9.0,0.0
k100_0011,175.0,residential,residential,1,1,175.0,1,16962.400390625,8.130035400390625,0.2381720350765421,1.0,1.5512479297133648,2.400431242741817,10.0,0.0
k100_0012,1343.544782602123,residential,residential,3,11,1343.544782602123,1,120014.828125,50.37173461914063,0.2719843370276489,1.0,1.4610617143919078,2.3139678567576314,11.0,0.0
k100_0013,1139195.1148864932,residential,residential,18,108,1139195.1148864932,1,24779664.0,9784.552734375,0.2891014892469662,1.0,1.100410831689204,2.388826785387531,12.0,0.0
k100_0014,5015680.802466375,residential,residential,42,742,5015680.802466375,1,148613488.0,69902.8671875,0.2426940514493771,1.0,1.1525902551610547,2.4070321363554834,13.0,0.0
k100_0015,4120694.656438253,residential,residential,51,2133,4120694.656438253,1,151083232.0,71193.4296875,0.2422547188405172,1.0,1.226271850682538,2.386454007523021,14.0,0.0
k100_0016,453207.2779626453,residential,residential,26,149,453207.2779626453,1,14356207.0,6504.037109375,0.2519721809647849,1.0,1.1848571614676866,2.3877299681171915,15.0,0.0
k100_0017,3867008.5058260458,residential,residential,35,470,3867008.5058260458,2,111858064.0,51623.9140625,0.2473501984500529,1.0,1.1502166670088312,2.4003984000766545,16.0,0.0
k100_0018,3951124.5399503033,residential,residential,46,1808,3951124.5399503033,2,141897280.0,64941.71875,0.2494285637412883,1.0,1.2130991780650997,2.3821155450063096,17.0,0.0
k100_0019,13536.126952480454,residential,residential,7,36,13536.126952480454,1,932511.1875,392.25103759765625,0.2713850024548818,1.0,1.360128698235382,2.296754017815516,18.0,0.0
k100_0020,373488.0739943619,residential,residential,23,190,373488.0739943619,1,11140446.0,4590.70556640625,0.2770250438767439,1.0,1.2028472143403173,2.3611525455638183,19.0,0.0
k100_0021,48489.35299043611,residential,residential,8,20,48489.35299043611,2,1536137.625,671.0408325195312,0.2613226615606272,1.0,1.199243290430337,2.3678836605681317,20.0,0.0
k100_0022,802.697808682803,residential,residential,1,5,802.697808682803,1,69645.1171875,31.315956115722656,0.2538755583237747,1.0,1.5176341639615754,2.356072767192269,21.0,0.0
k100_0023,3078845.189385907,residential,residential,32,1083,3078845.189385907,1,104014400.0,48868.7734375,0.2429729481449684,1.0,1.194388476532239,2.397164178675504,22.0,0.0
k100_0024,4944271.469871994,residential,residential,42,2265,4944271.469871994,2,180330496.0,83103.7734375,0.2477104493316736,1.0,1.2092245142218636,2.3929465739857125,23.0,0.0
k100_0025,2736090.6456489926,residential,residential,27,337,2736090.6456489926,1,78399008.0,38046.6953125,0.2352282734145436,1.0,1.146152185139066,2.4226179936289607,24.0,0.0
k100_0026,175.0,residential,residential,1,2,175.0,1,18556.1875,8.446354866027832,0.250792948898254,1.0,1.553367586006258,2.370097414546116,25.0,0.0
k100_0027,107418.33209693152,residential,residential,3,26,107418.33209693152,1,3544378.0,1694.2508544921875,0.2388131365894255,1.0,1.1953525305026382,2.3992846343113707,26.0,0.0
k100_0028,582621.1211562789,residential,residential,61,658,582621.1211562789,2,24678260.0,10460.708984375,0.269308033733131,1.0,1.2822372088601437,2.334606194156948,27.0,0.0
k100_0029,6853670.815984184,residential,residential,50,1613,6853670.815984184,6,217267840.0,101716.8125,0.2438364340229659,1.0,1.1873352963538075,2.428425714127016,28.0,0.0
k100_0030,1178183.339738971,residential,residential,19,179,1178183.339738971,1,29863824.0,11831.416015625,0.2881406861414496,1.0,1.13248673168276,2.36234654080686,29.0,0.0
k100_0031,1888775.729296899,residential,residential,17,422,1888775.729296899,1,62185892.0,28190.619140625,0.2518158995838243,1.0,1.1767585933913178,2.4174359107378653,30.0,0.0
k100_0032,756038.0315647365,residential,residential,6,74,756038.0315647365,1,20868704.0,8278.4384765625,0.2877682974709893,1.0,1.1364785779894846,2.36439733888179,31.0,0.0
k100_0033,1570323.5136852455,residential,residential,18,125,1570323.5136852455,1,41294460.0,16009.5224609375,0.2944484736229134,1.0,1.1341540747604026,2.352304673642236,32.0,0.0
k100_0034,1420.8237029001498,residential,residential,1,4,1420.8237029001498,1,103633.1171875,49.07524108886719,0.2410638084833519,1.0,1.4748525680647755,2.39111782827982,33.0,0.0
k100_0035,6671888.425862612,residential,residential,52,1308,6671888.425862612,3,204605264.0,96522.0546875,0.2419837142135397,1.0,1.1708538098501515,2.407192074362402,34.0,0.0
k100_0036,3155396.5236652764,residential,residential,32,1593,3155396.5236652764,2,117806080.0,53503.1484375,0.2513531080159029,1.0,1.2362977264518042,2.3973156938887,35.0,0.0
k100_0037,824527.8199436102,residential,residential,23,296,824527.8199436102,2,27200000.0,11454.28125,0.2710796743401275,1.0,1.199796696730285,2.402210586328467,36.0,0.0
k100_0038,5409972.1184927225,residential,residential,42,1043,5409972.1184927225,1,164142224.0,78373.3359375,0.2390825473933587,1.0,1.1670860657646656,2.419059253614522,37.0,0.0
k100_0039,1572894.7469062968,residential,residential,46,631,1572894.7469062968,2,53169344.0,24294.6953125,0.2498306621786985,1.0,1.2102464581995127,2.3843457343096053,38.0,0.0
k100_0040,371968.0960444533,residential,residential,34,198,371968.0960444533,2,14262759.0,6019.6630859375,0.2704750768228199,1.0,1.237415033697094,2.3453146391593958,39.0,0.0
k100_0041,2570616.7602702635,residential,residential,18,390,2570616.7602702635,1,70330528.0,29989.908203125,0.2677100253985238,1.0,1.1448297213773355,2.3851396517255083,40.0,0.0
k100_0042,736600.9888021213,residential,residential,11,49,736600.9888021213,1,17852102.0,6746.171875,0.3020840893139284,1.0,1.1149697227678177,2.3534029181125926,41.0,0.0
k100_0043,3866176.503973075,residential,residential,47,1339,3866176.503973075,1,131789728.0,59497.66796875,0.2528584734719136,1.0,1.2068612410399138,2.374964762416741,42.0,0.0
k100_0044,4501158.996080576,residential,residential,33,1593,4501158.996080576,2,150422512.0,68329.6484375,0.2513040828888458,1.0,1.200027192010697,2.411167798170364,43.0,0.0
k100_0045,841570.0060177526,residential,residential,10,212,841570.0060177526,1,27129326.0,11862.7197265625,0.2610661883797591,1.0,1.1838242941314925,2.3710565548859663,44.0,0.0
k100_0046,2273720.905115104,residential,residential,13,213,2273720.905115104,1,64402456.0,29241.669921875,0.2514178758755846,1.0,1.1419101012087096,2.3980250418563736,45.0,0.0
k100_0047,1587127.8014938333,industrial,industrial,24,1026,1587127.8014938333,2,66346908.0,27758.626953125,0.2728466345974232,1.0,1.1979288218181452,2.379993581024285,46.0,0.0
k100_0048,3411477.917800784,residential,residential,84,712,3411477.917800784,5,92496128.0,36821.55859375,0.286759146671576,1.0,1.1485252927087566,2.359204088798267,47.0,0.0
k100_0049,5877252.019541304,industrial,industrial,46,1048,5877252.019541304,2,181483664.0,76388.421875,0.2712101223390947,1.0,1.1499327217797766,2.3820599542070724,48.0,0.0
k100_0050,2339923.688397435,industrial,industrial,37,211,2339923.688397435,1,58270408.0,23272.408203125,0.2858265892082248,1.0,1.1185524487306262,2.380383863191886,49.0,0.0
k100_0051,2330245.3946734867,industrial,industrial,28,282,2330245.3946734867,1,70534592.0,26761.89453125,0.3008716013929695,1.0,1.1157420638891509,2.3858225020948205,50.0,0.0
k100_0052,2461111.4457715214,industrial,industrial,26,278,2461111.4457715214,1,77083248.0,28577.58984375,0.3079146135961161,1.0,1.1058138337943637,2.3996100580467337,51.0,0.0
k100_0053,5999915.155141356,industrial,industrial,35,810,5999915.155141356,1,173976048.0,68067.390625,0.2917737740450484,1.0,1.1164713924620278,2.3914728972312416,52.0,0.0
k100_0054,4785221.226042243,industrial,industrial,56,924,4785221.226042243,5,157692208.0,61424.7421875,0.2930642110365949,1.0,1.1358269973204005,2.3972163940314277,53.0,0.0
k100_0055,2829456.77574173,industrial,industrial,32,459,2829456.77574173,1,83370840.0,33463.17578125,0.2844087255882884,1.0,1.1226311908816125,2.3930772641938844,54.0,0.0
k100_0056,3698823.244034476,industrial,industrial,40,323,3698823.244034476,2,100695648.0,39811.734375,0.2887323842268896,1.0,1.1375041329696265,2.353711636809905,55.0,0.0
k100_0057,1724916.3197340237,industrial,industrial,30,212,1724916.3197340237,4,45278648.0,18233.30078125,0.2834810600560719,1.0,1.1368395916098226,2.370641874835576,56.0,0.0
k100_0058,4672698.399379944,industrial,industrial,44,1013,4672698.399379944,4,158739168.0,63210.38671875,0.2866761386806374,1.0,1.123277092189285,2.412893572718449,57.0,0.0
k100_0059,4999828.507238427,industrial,industrial,56,389,4999828.507238427,4,134441200.0,51938.64453125,0.2954865127552132,1.0,1.1237302910615574,2.3655371273209083,58.0,0.0
k100_0060,4304559.856816238,industrial,industrial,54,440,4304559.856816238,3,114297616.0,46348.6640625,0.2815113083252253,1.0,1.1267948997538595,2.3773543871891647,59.0,0.0
k100_0061,4338529.614406135,industrial,industrial,31,1078,4338529.614406135,4,157053408.0,60632.1796875,0.2956923423383518,1.0,1.1339659681595544,2.3983310650876306,60.0,0.0
k100_0062,3978876.3844528585,industrial,industrial,29,293,3978876.3844528585,1,108872248.0,43273.38671875,0.287205133574634,1.0,1.1354751849059328,2.3554401326886287,61.0,0.0
k100_0063,5889070.002014673,industrial,industrial,45,338,5889070.002014673,3,148015616.0,58316.19921875,0.2897438455131503,1.0,1.1113319090383544,2.3712879658081785,62.0,0.0
k100_0064,5051590.947060926,industrial,industrial,35,436,5051590.947060926,2,140169008.0,58805.7578125,0.2720996872707767,1.0,1.1398040006878196,2.377105543956603,63.0,0.0
k100_0065,2521658.541367765,industrial,industrial,41,208,2521658.541367765,3,66082504.0,26183.080078125,0.2881122013786721,1.0,1.129146394146255,2.36661633236129,64.0,0.0
k100_0066,577443.0999736494,industrial,industrial,4,64,577443.0999736494,1,19456222.0,6883.95654296875,0.3226385719916189,1.0,1.1058399809333606,2.4027390197509115,65.0,0.0
k100_0067,393259.7325165071,industrial,industrial,18,189,393259.7325165071,1,15108349.0,6271.8671875,0.2749894605336337,1.0,1.2089340458058124,2.361295799878927,66.0,0.0
k100_0068,2357781.5242905654,industrial,industrial,30,366,2357781.5242905654,2,72279448.0,27707.23828125,0.2977950546733646,1.0,1.138580608358044,2.3718820582408906,67.0,0.0
k100_0069,6441373.009545682,industrial,industrial,51,1295,6441373.009545682,4,219092816.0,84326.7734375,0.296591395760291,1.0,1.1163925396059482,2.4180119504230677,68.0,0.0
k100_0070,1067125.154001943,industrial,industrial,7,250,1067125.154001943,1,37533716.0,14626.6484375,0.2929359240815969,1.0,1.0987245625434046,2.4366763734997963,69.0,0.0
k100_0071,2691839.927197044,industrial,industrial,32,220,2691839.927197044,1,72372672.0,29011.58203125,0.2847731826222384,1.0,1.1342071552425776,2.3608671859588277,70.0,0.0
k100_0072,2795413.0209683985,industrial,industrial,28,714,2795413.0209683985,1,96479136.0,38859.7109375,0.2834195040131337,1.0,1.148853827452976,2.3884915008791614,71.0,0.0
k100_0073,4486003.943268362,industrial,industrial,38,319,4486003.943268362,3,119590408.0,44920.85546875,0.3039094629187973,1.0,1.1113848363291272,2.3723362328727413,72.0,0.0
k100_0074,2869159.2087442437,industrial,industrial,36,192,2869159.2087442437,1,82335392.0,30051.158203125,0.3127672247461256,1.0,1.1052008889282532,2.379903350864604,73.0,0.0
k100_0075,2016229.6720601984,industrial,industrial,19,322,2016229.6720601984,1,60905668.0,25836.353515625,0.2691053837097888,1.0,1.1380165181333968,2.3890986459779877,74.0,0.0
k100_0076,457390.2012226164,industrial,industrial,3,121,457390.2012226164,1,16064176.0,6632.8388671875,0.276474384857126,1.0,1.170950769797951,2.376973681167902,75.0,0.0
k100_0077,1300057.835583893,industrial,industrial,29,248,1300057.835583893,5,40030784.0,16210.806640625,0.2818936961138819,1.0,1.124623753114957,2.4006689408708057,76.0,0.0
k100_0078,2603579.7411483284,industrial,industrial,35,251,2603579.7411483284,2,69075352.0,26916.693359375,0.2929525573580423,1.0,1.1357173351775696,2.352698492329628,77.0,0.0
k100_0079,4088840.2429417097,industrial,industrial,38,1165,4088840.2429417097,1,144649392.0,55769.98046875,0.2960820056317832,1.0,1.1224120256884391,2.409838631566719,78.0,0.0
k100_0080,3672068.451308685,industrial,industrial,42,1432,3672068.451308685,2,136028848.0,55345.1875,0.2805737591174675,1.0,1.1604876482526696,2.390369723161244,79.0,0.0
k100_0081,1300236.512478516,industrial,industrial,8,99,1300236.512478516,1,32352108.0,13064.3037109375,0.2826911479872208,1.0,1.1192318072364922,2.369020196558845,80.0,0.0
k100_0082,3575690.2572734137,industrial,industrial,34,315,3575690.2572734137,1,107066656.0,38750.2109375,0.3154104380045663,1.0,1.1016997701425957,2.391055265253606,81.0,0.0
k100_0083,3099863.776518014,industrial,industrial,27,167,3099863.776518014,2,71879280.0,27460.10546875,0.2988115711941396,1.0,1.1032070542060524,2.365760081273525,82.0,0.0
k100_0084,9394496.496961225,industrial,industrial,73,695,9394496.496961225,8,234355200.0,93541.9453125,0.2859987209262558,1.0,1.118323384469649,2.373638942874871,83.0,0.0
k100_0085,574699.6140368264,industrial,industrial,6,80,574699.6140368264,1,15948520.0,6396.53564453125,0.2846239600794862,1.0,1.1498108327899896,2.3529645374802666,84.0,0.0
k100_0086,579440.2442911802,industrial,industrial,6,71,579440.2442911802,1,16127436.0,6360.73583984375,0.2894368754188886,1.0,1.1444028171800755,2.351966969666423,85.0,0.0
k100_0087,4982861.981197259,industrial,industrial,44,423,4982861.981197259,3,135171808.0,54143.91015625,0.2849918235489041,1.0,1.134900803698773,2.360550720192908,86.0,0.0
k100_0088,2728370.374908272,industrial,industrial,23,694,2728370.374908272,1,96234696.0,38448.11328125,0.2857278277883236,1.0,1.1541980434935604,2.390860015159643,87.0,0.0
k100_0089,3267128.440838048,industrial,industrial,39,693,3267128.440838048,2,113267728.0,42915.7734375,0.3012902925984476,1.0,1.1136130382254594,2.407766602387043,88.0,0.0
k100_0090,2627391.9697396657,industrial,industrial,32,463,2627391.9697396657,1,84319816.0,33417.15625,0.2880421571386553,1.0,1.1310648159521266,2.3938109182741822,89.0,0.0
k100_0091,4358760.465803503,industrial,industrial,46,1290,4358760.465803503,2,165187664.0,62614.15234375,0.3011625736923141,1.0,1.131718887355795,2.398371556484824,90.0,0.0
k100_0092,2795863.2256218083,commercial,commercial,19,430,2795863.2256218083,1,76681864.0,36154.20703125,0.2421194699514814,1.0,1.170605686169298,2.513423719780388,91.0,0.0
k100_0093,427428.40119945817,commercial,commercial,3,73,427428.40119945817,1,12099847.0,5399.712890625,0.2558026882239445,1.0,1.1620828590315766,2.4066773973669147,92.0,0.0
k100_0094,425473.0422739503,commercial,commercial,11,83,425473.0422739503,2,13038658.0,5783.123046875,0.257374997293739,1.0,1.201925718057455,2.439802665857632,93.0,0.0
k100_0095,825523.4315172173,commercial,commercial,3,29,825523.4315172173,1,19489372.0,8167.939453125,0.2723837716989861,1.0,1.1038268212991424,2.3937705152115125,94.0,0.0
k100_0096,911060.435628632,commercial,commercial,7,72,911060.435628632,2,23624254.0,11144.9287109375,0.2419784566010895,1.0,1.1427268972280356,2.493513172993884,95.0,0.0
k100_0097,372190.05536618654,commercial,commercial,2,115,372190.05536618654,1,12777406.0,5867.7802734375,0.2485791769454054,1.0,1.2216174224075609,2.5003887370893536,96.0,0.0
k100_0098,461133.2888841752,commercial,commercial,8,94,461133.2888841752,1,13932033.0,6230.80126953125,0.2552504336488083,1.0,1.201674798610919,2.466663796863737,97.0,0.0
k100_0099,369573.4261302936,commercial,commercial,3,43,369573.4261302936,1,10010414.0,4025.055419921875,0.2839069789064155,1.0,1.1489755971479272,2.362116924283959,98.0,0.0
k100_0100,397038.7983606975,commercial,commercial,3,129,397038.7983606975,1,13773580.0,6365.810546875,0.2469954882320721,1.0,1.2655962080783452,2.5431469887477087,99.0,0.0
