sha256,path,bytes
6b3986385e26dbca3ce7928d82d1961de951a173ff033f9a5fdaf480e0809b3f,.gitattributes,181
d94d15d2e9dadfe312b1c418dc427f1ee31a496afdcc6cfa0be40bda2a2cf48e,.gitignore,370
5cd9088ea9751a4c5eecb834224c35b02bb218f4e046134704b7e33344d06a4b,CITATION.cff,1504
dbf64367e946129684f06b30797b049f8c1b325dd3b2b410e779e3936abf21eb,configs/datasets/xinwu_public.yaml,1114
980369a6a0789cbbdc8ac78d38bfd605b0837fd6a1e61332a8f616f4a9604528,configs/defaults.yaml,281
3590be30c31dc201313076e0d0a773b714a259c372e2a626454717019f8cb81b,configs/experiments/00_legacy_audit.yaml,387
147c5c6d9f99e4124a31e277e26819d3ccb755e4c556e8976eb8d5ae9720770b,configs/experiments/01_reference_floor.yaml,586
1e67671ea855f8ab8c481482ed064e5c1d5ed6346445615f48122f9655029da7,configs/experiments/02_8760_validation.yaml,487
e0f1d9049084cbf5f52854fb5d4f74d8ee5c80c39248c5f093f39a61c1dc5d1e,configs/experiments/03_repday_sensitivity.yaml,428
7994bca5d26170dbcb393c8e146f05b01ae5ba4b647acfbd30266a3aa7495e6f,configs/experiments/04_storage_lifecycle.yaml,491
11c5a1e0f9ff50c74e3b477604404d001e0dbe94f34641ab64d1471edf8887bb,configs/experiments/05_flexibility_portfolio.yaml,716
cc666625f0179f1875af5560892155b12f751391222bfb3d593a06c385c82ac2,configs/experiments/06_network_spatial_robustness.yaml,498
332fa5c281582f0ddd9e1a8bb1aa65cdf4def9865e17dff31a0e01b9613172aa,configs/experiments/07_spatial_aggregation.yaml,1105
1fbded0a460613864d5fd79a917559a498368d4e9d8075bd2bafb0b8a005fcbe,configs/experiments/07_uncertainty_lhs.yaml,375
fff1de039eb5f7589299fea0ec49455dfd8a80b1710b8902cc35fe433ee648d6,configs/experiments/08_dual_bottleneck.yaml,426
81dd9b78f7fb893f2d8edbd2eb6f93280bfbcbab9f907c00a68b85e308cdb061,configs/experiments/09_node_typology.yaml,408
50bf9a9b796daa605dadf33feb81c0563e5b3b2eeea5103ecb41ef17e8ce2dca,configs/experiments/10_data_validation.yaml,121
c3fd6195e0984d98da8065fad1935ceaef98a19adc96a81ed42ee1f4d8c67152,configs/experiments/e0_e11.yaml,1538
c49336e5824cae580608bf2ac0642827535542071185a431f0939d553152835b,configs/experiments/public_smoke.yaml,450
1cc42e1c08f2a9ef619eac694fb27570b1a1e39dd66327ef21a456e02fdfa0a6,configs/experiments/revision_public.yaml,1063
fdf7e23c6e44ad3c73e6701417d9cd1ae5b17e6ea65f0cee02e057410168c2ef,data/catalog.yaml,39692
7d145ffe096510e56c79e5291e61abc1127c83219ca7320b8407a1c39b3e87eb,data/data_dictionary.md,2338
ddc8a89c2619f81a80c11053acd827cac2a73882fffdd4c787e4bd81a145b555,data/README.md,815
dfbc1744ac0b6331e88c5f58a7a78fe125c9045685fd377384fa2873e7e7aef2,data/xinwu_public/carbon_factors.csv,867282
c240e4c08b2912fb837f7ef7cd7391581dcee756c2516cbc8077fa2da00644ba,data/xinwu_public/flexibility_parameters.csv,388
7ebdad0299cd9971fefc015c474760d39ca041d0dc122d65e071c9cf50e8997d,data/xinwu_public/grid_interface_by_node.csv,4247
83420f8d32d16b9772c8f201e9ffaed6575095a26bdc6092974f924d44e16888,data/xinwu_public/grid_prices.csv,292530
59310d5d33f1524398834e0dda2ce8dfbfa6f99a7486327b751ac928e2c2a556,data/xinwu_public/network_edges_spatial_proxy.csv,24359
f4fe42c2542c0df464a765ba584bffb297b3ce4f2e998b142b4cd26cc2f6cfec,data/xinwu_public/node_hour_demand.csv,41790918
209195dabf48c2a41eb2e8248059cefa3c69e5524869af63bae2b2143db827a2,data/xinwu_public/nodes.csv,17638
c5e61c0700dbae70fcdb5b9771a5c9ff2b885e52344c2a1509e2a92694856048,data/xinwu_public/public_input_manifest.csv,574
cb22e1e4a54b99c0b2d3ed3c13fa7fe59adba519e077db25269a8cc06622d31f,data/xinwu_public/pv_availability_by_hour.csv,37195630
2c520f66540fe46acb3f7851ce4e69b7cdc0176ab0b4cfc6831ad70e9dd9f9f3,data/xinwu_public/pv_potential_by_node.csv,2939
65dc5d5811c29024e3827754603bb8c5a4766732b4eb9230325e2fd2a4c16c23,data/xinwu_public/README.md,631
35a25fd8d6d852a34c538f67d75e605c1b6b73af6691d12910a36c4a3f28466c,data/xinwu_public/representative_periods.csv,223
86897b0ce65bc46231b0bb3017a78f7e8b722c155ea606a49b76b7ba76f9f291,data/xinwu_public/storage_parameters.csv,1292
2936e427556b7b6a17ad0e15cfb6cf62b3ab72d737a6630240148e76650a7196,data/xinwu_public/technology_costs.csv,1759
ff15793772b0707509b8b7890c1f3afdd93d3afaa424eff21ebbc3c7a2d6fae7,data/xinwu_public/temporal_weights.csv,4621
0485e65105b0c27df84c74aa467e34453bb771368ddf8a8bd42690ea742ee9f2,data/xinwu_public/uncertainty_ranges.csv,576
06e12c6350c55eeb93db20abf155c545c9469408d527003b9ca50f30cc59b500,data/xinwu_public/wind_availability_by_hour.csv,43632632
acde5f1d68158750a0e1f8226879703780d2fada112c15d2b566fb0ad4df5285,data/xinwu_public/wind_potential_by_node.csv,2943
7a0acc15891105a689b3ecb901b117c418322ef27534eee77a501529beac5777,docs/data_provenance.md,1927
e82050f5e98d65d5f1a592e8f91000b9931ea1b4e7bbf78ac8e3dea5c0382fe5,docs/input_schema.md,2056
4851d229be2740ef5369a9bfb774e0cf06e49b4781142f8190542ab5c29a3c01,docs/parameter_inventory.md,1879
92e5ca3bf02395dbf3a0ac9688760dee6d7eb69d01a3ba6bfbe81e0055a94e0a,docs/reproducibility.md,1525
68265ef5d60ec3ee95093bcc0b18b1ff447be2d49acb1061d89a5b6168f82370,docs/results_schema.md,1321
23792bd3039cff38680670fc871e843c8259cea67254160ea9ff0d9e0fd99083,docs/run_inventory.md,708
4c9bf39904776d3e5dccb563741ed2cd13eb64ef5d8ff758f79be8cb5af84080,docs/solver_settings.md,980
4764ac7a6eeed1d3b021e1e36d19c7585959a8e6f51cb4aa35df8939646b1cea,docs/usage.md,788
30c3ef024904f33507352ef22e31f350a3e8da8282f77439fb411b4802c34ed0,LICENSE,1068
d71d0e9894bf43e089732938c368c13b9fb6c30f65140dd7d2d5f91c9edbac2f,pyproject.toml,731
9b658140ab8cafc7039fbb6f18b033121f06ad23dcdc48d5764b1f30f69f6c4f,README.md,5895
39c60c6bafc75fefed8deaacd9406c8672fcd4b3fd8c29cc70c5779545a5bbe7,results/README.md,686
f34a318b4a3edc044c6e58e52be1f8ee57f6d5c1d815e30a83b8f518e9f86dff,results/summary_public/README.md,624
4d503ce0ace4eee77c6398e595c3f3d84bcf3ce2b026a99ccf600058b548ed80,results/summary_public/reported/fig_R47_04_absolute_envelope_system_composition_source.csv,33844
5be30e3eca5fdd8df3bae2e889f225760480dc2b78a2856dfd4c3bf77cf21118,results/summary_public/reported/fig_R47_05_temporal_robustness_stress_source.csv,18081
1b290e9f5e4541ae92b2d9b6bde24adbe55df662198b512cee3c8c1aab61b08f,results/summary_public/reported/fig_R47_06_storage_lifecycle_ldes_source.csv,28405
b7ac465c77998306b5f730c1d37f5565c69c2753fef5a4f0c7ad5954263af798,results/summary_public/reported/fig_R47_07_flexibility_uncertainty_source.csv,4242
1616455c6598b126dea7a40e1291f5406a02adc8fb884ba25ec8757a8dd9637c,results/summary_public/reported/fig_R47_08_mac_bottleneck_source.csv,73971
5a54cdc552c0a4472ab5de77efa3a0e0ce8029e896b01eca546b354ca1fe4920,results/summary_public/reported/fig_R47_09_spatial_network_validation_source.csv,621758
cc92911334d79ac7493c9360037ae311433fb2c11a63eec0f7d4b910ed802c1f,results/summary_public/reported/fig_R47_10_typology_transferability_source.csv,48615
58f5937c15f1c8f8e673167b3fdd298767e8701f64072521a8e6f88df8e25ddb,results/summary_public/reported/fig_R47_S1_full_storage_calendar_sensitivity_source.csv,25551
01b6bd5a242d3bf9958190e1df33d627fb9e02844309c9b39cae5586876a7705,results/summary_public/reported/fig_R47_S2_full_uncertainty_prcc_source.csv,7780
4b0a4908fded835bd8a982256a288ccce34e30103b3e7ac981ae15b8a614d16c,results/summary_public/reported/fig_R47_S3_full_stress_windows_cap_relaxation_source.csv,12610
847db71566ac63c746a3528d1aa91d67314ae3f99bacf96f4aa749c16cee0c74,results/summary_public/reported/fig_R47_S4_invalid_rows_network_edge_summary_source.csv,481746
fc6f15fb164d1a68881872d0d20c7da6d15fe7325356d8dded6402e68a72e874,results/summary_public/reported/R2_dual_mac_revised.csv,35962
2e175c844f7ed884b040d80b857d13bf2fbe44b601383fcd9c2210a0a382293d,results/summary_public/reported/R2_finite_difference_mac_revised.csv,19995
06c8429c36f21863ae157e3cf244908946577ecda7433ef13e3fc31ea4f2c3a4,results/summary_public/reported/R2_network_proxy_edges.csv,446672
2deb1f9860d8822572cb7a2cb93f06703e07aad9f92ba9f7c4b1ff3f2c31d1e5,results/summary_public/reported/R2_python_orchestration_errors.csv,38
d78cde5448ce0c237060a3a4abe28f6b57f1ebf774e70b4388602b4f41ab1f2f,results/summary_public/reported/R2_revised_deterministic_all_runs.csv,118752
8ca5e6580c973254c0018834354b399c4be03b4ccbbaa919d35ce04fbbdbde2a,results/summary_public/reported/R2_revised_deterministic_planned_runs.csv,44683
0a4fa8dba98cecd315d0dbde5f1cb1516908d5e32ad1e7bd03f7d1a4c055c365,results/summary_public/reported/R2_revised_deterministic_valid_runs.csv,109638
c620b5beb7cda564dcb490fb03d23f6173bf1264bfaac53582018fe1b2fcb709,results/summary_public/reported/R2_validity_by_family.csv,421
f3ea3015db3166a38ffe950ec76d1734eafb7a421342a5933b94f2a27e344219,results/summary_public/reported/R2A_fixed_absolute_cap_core_frontier.csv,18976
02e0a6cb5e6076086e41e6b082d19aed0d1b4c2557d003d7be0ff557807877e6,results/summary_public/reported/R2B_storage_calendar_sensitivity.csv,42849
44e50aaae34ca306b0049deeeb34b7e07a964cb58cbc4faab7136ea21ca15da3,results/summary_public/reported/R2C_flexibility_ablation_ramped.csv,26410
fb4def29714b91e4fbb15439ae758a8a447d21e0bef21e0c815a185fffa2448a,results/summary_public/reported/R2C_flexibility_ablation_ramped_valid_only.csv,23678
5591fb3517925c6e3fc2d7c5cdd3c78efa247dce1ff8be97a044c6c5b982f814,results/summary_public/reported/R2D_network_abstraction_revised.csv,24200
ddc38923379318410baf6d217ef87936e870b59e147787e7b0d0c51db87ee5c9,results/summary_public/reported/R2D_network_abstraction_revised_valid_only.csv,22841
8f8bdb7a3e320294fa3217d3c7607149b750cb78414d91b05a34f378b699155f,results/summary_public/reported/R2E_spatial_resolution_revised.csv,12593
1159c215b5c1c379dfed8e5c976efaac9420b17c3f71f342c19a16677c46d8e0,results/summary_public/reported/R2E_spatial_resolution_revised_valid_only.csv,7570
5c9575fe941e7ff714c4ee6072db96341ad64edf742bbc139566ed0e290cf272,results/summary_public/reported/R3_flexibility_individual_contribution.csv,2458
df8bd1fd032550e152838b8beac6ee66eb339420931714253a3a7aa3b315f7bb,results/summary_public/reported/R3_ldes_cost_reduction_decomposition.csv,2411
8b1f98f5ec6c606fc906cf1a7f077456ddc3cb54ba51bf37e223d4437e3f593d,results/summary_public/reported/R3_network_proxy_reproducibility_summary.csv,3457
9432006fbe92b6b78323b507715b372d9782fb9cd69dc33bbd4bc45a29da34ed,results/summary_public/reported/R3_renewable_potential_audit.csv,651
d76e3d5ac4d00957675e865d4203525eb034f0c29086b2e0b166631e7da43014,results/summary_public/reported/R3_spatial_aggregation_construction_audit.csv,1361
3982d01492921caef8895c77fcce9fc35eae1bc5955c6b9ce67f0ab13349f408,results/summary_public/reported/R3_spatial_resolution_validity_interpretation.csv,2586
314b9915ffcb07ba71570bc1cf8157b45f68c8c570e709ad68650a686f19461d,results/summary_public/reported/R3_transferability_indices_xinwu.csv,356
2a72345fe366c1f2bea0d976007f99f4740d9debd8eafe3e0f8294c1ba27a4ad,results/summary_public/reported/R36_stress_period_failure_diagnosis.csv,2893
28ab2bc7a7e6142f80316f134125069ecbb8f77b97bd8b3ce29f00c28db3b53b,results/summary_public/reported/R36A_fixed_capacity_cap_relaxation.csv,11421
130c3e8009e15edba51df42a92f9ac671172e773a312d52964954ada6b36bc9e,results/summary_public/reported/R36A_fixed_capacity_cap_relaxation_valid_only.csv,3744
a3a6831c944ffabc77b611ed93a4a01939bcf9c1b502f8aad28c7cc7d5b59908,results/summary_public/reported/R36B_stress_period_capacity_augmentation_vs_repday.csv,2584
5bd1c80c1357888eeb599f5884ce1d93a54a9af3c348b773fa9eb7bbcf8c986a,results/summary_public/reported/R36B_stress_period_capacity_expansion.csv,2556
e2a4ea9a9d54b7f138adebe98d8261b7d4a9f5a2c63be06867eb4abbe9b3ae8e,results/summary_public/reported/R36B_stress_period_capacity_expansion_valid_only.csv,1066
58b436e12ce951bf82559476c2290f749aedb1d1ac655bb2c0d53e5549fb039f,results/summary_public/reported/R3A_transferability_archetype_frontier.csv,22745
a62dbbf822434a35df7b060424c39d69da03d843b145a4642b651cb9beb2cff9,results/summary_public/reported/R3A_transferability_archetype_frontier_valid_only.csv,15539
b84f36b435fb63721fe767ff442f788819a047212dd74b6662c05ac8f28a0f70,results/summary_public/reported/R3A_transferability_archetype_shift.csv,4707
e138ba354d95e1c3d48213558571efffc5406db685545adb03968abd94ca4c8e,results/summary_public/reported/R3B_constraint_relaxation_1pct.csv,4211
002de2f4508e846b92deb08b16f7944bd125daaec00d49bd5a52b8cd4daf561c,results/summary_public/reported/R3C_chronological_stress_period_validation.csv,422
4b83ba2872a3067f862d8feaa1c0c263db6ca820996a1f0a59cfd36f22891a5f,results/summary_public/reported/R3C_chronological_stress_period_validation_unblocked.csv,3794
c2afbe3f581715d5643b121e98950cba3843fd723a091892074346cca9e511b5,results/summary_public/reported/R3C_source_capacity_refresh.csv,561
ddfde50c6445634d322cb3b105a73eee0a4f82db14670930b91fc767df042526,results/summary_public/reported/R3C_stress_windows.csv,569
9614dc89e2a692af84cd90236881c264e3e3a6aebac24998ea2d4e3998030cd7,results/summary_public/reported/R3D_lhs_outputs.csv,168472
80173b701044385e5f52d2a6b45f96e06243d552c295c43102c22fff88ad9188,results/summary_public/reported/R3D_lhs_samples.csv,33046
8e211de82cecad420dfce96c4c206e0af4e6417acbc660cf5e5eae6f3655b63c,results/summary_public/reported/R3D_prcc_by_target.csv,7846
4ae6b8082a07a351dce2455ac55352048e82d182d5b523492e5ee935a86ff05b,results/summary_public/reported/R3D_uncertainty_top5_by_target.csv,3550
a1ebf7c3f9a9d0513d14abe079bc0166be1b56b55acfe10e4ec92f7a83de2769,src/__init__.py,112
222fb35cb5177329aca539c4b58bf85b372799495405c0c5a118ac2783370361,src/__main__.py,69
a628e87b299113638af6e60e74680dfe70a3168f35c319cb7702f84fecd7f092,src/analysis/duals.py,597
a6b80c163de34238a0bb72666321cd5ac0a92f4405e914bcf806e6c94f4eabdb,src/analysis/emissions_recast.py,2427
f3030c27079d103efa8c8e7db20ef752b06bf987f12d11651896b1e39bae0bad,src/analysis/metrics.py,4422
97ba41aa3e5cc6e1a080723026038b578cc006a86e56f94052ad1d399355fb32,src/analysis/node_typology.py,1059
935027bc40817c74e3543191324516bf45630ebf9d186ca04023ecdde2b0cf52,src/analysis/references.py,306
b6b85c1d3b2e66a6c123deeccd50099b2a5a7fb43b9287e02ca31a75626a387e,src/analysis/sensitivity.py,3538
eeac113ff7993713d8fca29fee71ccab57df6516e0e4ae979a67514126dc87db,src/analysis/spatial_validation.py,5933
1f2973bfb540c205efea62d596dc8d9aeb5776fff543ea522f0e8d023c3411d1,src/cli.py,1418
6b1661611161ed139a6b0144add145e01572936cc43d1f232017088d8552eddb,src/data/hashing.py,1002
7ac3a84c1c2cf381873c28a0e6982b861af14b1b1a2a1e79932e1f636b5b5fb9,src/data/loaders.py,17218
7ecc691d086f5c5d1058c3d823ad27785f163d95616c9f283368ecabbf67112c,src/data/schema.py,1181
10053d20ebeb4893a960b163ef1fd28f27190aaf4d388fc83cc02069104764ad,src/data/units.py,256
2eb795f4824a7dea46d0657d3b2c2ac11086ccf15a4d34ed0e6c5b90d9a59824,src/data/validation.py,4754
d4704598d13ea217c246ebede75b6d426a1ade53bc3c82bb39df934eb54dcd55,src/experiments/__init__.py,629
8f38e977946f6bf940f33a5db7649ead5539ed3665f38066a17b8c0a7bda1968,src/experiments/registry.py,9980
9fd8a902a4e82bbb0ba2109601d356cbfce5969a97e4fb8fb908bb788c8af88c,src/experiments/run_matrix.py,4837
914a1f7a39c0265a44e6c28bfd29d5404d61bb7aed2e22aeec2def138713501c,src/experiments/run_one.py,17674
7a800694334a6e8d17af40775ef2c505ad90eb4a9645833f419ab44b1608ec71,src/experiments/summarize.py,60044
80882fd2cdfa44dac1ddd23e048e33e20f2642120fe3ef99ec3ae683b92a86b9,src/extensions/demand_response.py,280
a628e58e3d0bf03b7bf536d838142e6716f8813e8bd46e482130ef86ca8221e2,src/extensions/ev_flexibility.py,146
fa47061a21a49e5af6d301a62059bd56f9a6ab8965348d15cc3936b4db346fb4,src/extensions/grid_interface_modes.py,100
acce71f7a1ae934cb01360e8f17ef9ccdffaced28672a9f3feb86e786203fede,src/extensions/long_duration_storage.py,254
37adbad9c43e20334c06c8f529f1b0f1ffbb6d4b8a0e4dc84c563fea1184528c,src/extensions/network_proxy.py,152
53397d98c1201eb7db05598ef1d9fea483972b5b24e4347dfa94e7a02e2dedad,src/extensions/storage_degradation.py,229
79f4ea570270239099856935b966577e8f619dc9ccc9eecc09e55f2b0e2a4b3d,src/extensions/thermal_flexibility.py,166
b3ef74bb278906556c54b1ea6f2bdf822fa66f01a548f9fd4ef3c51c6904f30d,src/model/checks.py,4135
ff40a54c962dc316abd8352b7032a9e8e2ecc3d6a2145384e5db4de4456695a4,src/model/constraints.py,210
3ca94e2e70d687797a44969e97df7accef24d6b08270c9f650cd0d9d956a2876,src/model/index.py,2217
1cdeb4f6d4d4abe4c52a138376777e3bec5e5f2c8e496e6d1f9f93c02d2ef9ce,src/model/objective.py,460
811872ed0bbf891626622b339b2c22d4410dc6d0eefa4492e84ee24e2bbf0703,src/model/result.py,26161
bc7912d5da3cdfa29f5c0d549d4e6f7f47afa04659aeff3690bc7dc69997179e,src/model/solve.py,20711
bad734ae9b76eb89352664462049987f346afec3f74f32e2e5b5c8753caa9640,src/model/technology.py,3806
cfb6622d0058f6c13420b680583bb0b1c185cf725f147a772d929e59bbbf8314,src/model/validity.py,4675
28790f953117c455dd5a982371ed99d7d10a3453f6d81a4ae6572a3d35c5fa69,src/model/variables.py,445
f935b1445a10d462c5df1bb8120844cb14465766d3ffe146db6c9e3047c1600e,src/temporal/chronological.py,1659
8a1699f6fcde9f63b955ae06633d7a6b1459fc2575ec192d4c86cf028645b81a,src/temporal/representative_days.py,1835
8309dd1518702dc5a897b2d8a6b854c6eddb3071bd733fa999a8f514b245c7ac,src/temporal/weights.py,1048
5b24aaf0e6f167dc50aa5a4b487e2990461838c2ec1b3ed9ff00ffb482dd7b45,supplementary_material.pdf,673755
1ce129a090f95f540b63eb7f44c731fc6981850576439da1be3ec742756864f0,tests/__init__.py,42
bb03e45b3780d7df3244faced5b871e321dfb143baf6327973feaedd8b1f8c90,tests/fixtures/sample_dispatch.csv,421
4a57c082a370083be6fe775f54ec6aadaf8eca71200d633c73660bc03c1ddc0c,tests/runtime_helpers.py,1960
689f14e462a9330040f00ba62e3b936ff84d9f33a67008aaf2d4636969f97292,tests/test_absolute_emissions_recast.py,3880
e36662b0ffcc7827aa2a6e95705de16a33c0ff79700cccc2b434ea63d00fae1b,tests/test_chronological_time_slice.py,752
3e9c71adf65e1083a9b0b8eae1274a75a51f1d40a2af3fe4e7a370d0ad46109a,tests/test_co2_reference.py,705
541a7678993118741016cb63d6a49f55e0304fe4814c11518c4cedd6c7798da8,tests/test_cost_consistency.py,807
14225055a4d2464ae84c3a49d678d449a72cb27fec494b8f7649374e9a9feab8,tests/test_dr_energy_conservation.py,941
8a8fad6a00db708131d3e4482fcbc1e31cdae6638d784230850cc1182178cc99,tests/test_experiment_configs.py,1807
b96c7e39ad7126513938235efe7ba7c164030b766d25bf6fff4c0944460b4006,tests/test_flexibility_ramp.py,1826
93547cfbe7755ca11a9887453d0025e83e52f0e6d47bb62d2e8fb4775f1e8f8d,tests/test_mac_dual_comparison.py,4092
b25ed928b9b0311e6b4ea008ec042d7d4e27d0e7cc0c54888e887e594b9ee2d5,tests/test_metrics_contract.py,1398
9b15d53c3912abac5527e83cb476e568bfedb0686407d9b585bee6eab671c90c,tests/test_model_checks_contract.py,1746
30befa4aab9bb182a7d0ea0bf009f9da812f6c5b393475c0382b8f4c4151b225,tests/test_network_proxy_edges.py,2636
f42680b1868b554ada5c8eb2df5d42919eaaeec728ba141fd82179eb199bc235,tests/test_no_fake_valid_result.py,871
b0ef26980dc06dad99b4ff1dc125903dc231ac32ec86fefe996e0a0f1aaa98f7,tests/test_node_metrics_capacity_fields.py,1424
b0104a3d0131a0edb821c91bd4b8e803bdb84cd88807c3b3920144f367bb482f,tests/test_node_specific_relaxation.py,1467
cdd4450678352695a255bd4c03b3f0f8e2f3c1080dff5213c9b66789886910d3,tests/test_run_one_contract.py,1604
bffc50b3e7f886fa9d7474a3bd98925d7a95fab750478058460d0f5c5bdb219a,tests/test_runtime_engine_contract.py,1668
3ab24189452225e41e489a0bfe498b2b9134eb0966f4331bfabea0d74ae83043,tests/test_spatial_validation_metrics.py,915
6a6ce2296aa96ed4b5b3821c72eb74f063624ae187d2e04d9eda05b07ccad783,tests/test_storage_degradation.py,1842
b7ed889b0201f7508b4b77691782c20ce4e93a781c14e5b069e942f9c72b4bce,tests/test_summary_validity_audit.py,31812
d466f48b835d39d3432cc03a20d2d26287d7a0d461a1acd1ce3d4aae85728ffa,tests/test_technology_config.py,764
b41b23dcb3b5a2eff4514ccfd452a084075e03acce4682bef89b285fb62add18,tests/test_tiny_lp_balance.py,750
b0e86c5f890d2d01a6ab0c39ea0fd4623965b963b22613bf5fd4a1e81024494d,tests/test_uncertainty_prcc.py,3820
675d656d6ee8d7e9bb5a7d43a45f6a8c320a82c808f860c1acbb22d4ec3f5c7a,uv.lock,213382
